day,time,course_code,room_code
Monday,3 10:50 - 11:45,CSE2258,NF01
Monday,4 11:45 - 12:35,MAT2501,NF01
Monday,6 1:25 - 2:20,CSE2264,NF01
Monday,7 2:30 - 3:25,CSE2251,NF01
Monday,8 3:25 - 4:15,CSE2253,NF01
Tuesday,3 10:50 - 11:45,CSE2259,LGL05
Tuesday,6 1:25 - 2:20,CSE2264,NF01
Tuesday,7 2:30 - 3:25,CSE2257,NF01
Tuesday,8 3:25 - 4:15,CSE2251,NF01
Wednesday,1 8:50 - 9:45,CSE2253,NF01
Wednesday,2 9:45 - 10:40,CSE1500,NF01
Wednesday,3 10:50 - 11:45,CSE2257,NF01
Wednesday,4 11:45 - 12:35,MAT2501,NF01
Wednesday,6 1:25 - 2:20,CSE2258,NF01
Wednesday,7 2:30 - 3:25,CSE2254,LFL03
Thursday,1 8:50 - 9:45,CSE2252,DSL03
Thursday,3 10:50 - 11:45,CSE2258,NF01
Thursday,4 11:45 - 12:35,CSE1500,NF01
Thursday,6 1:25 - 2:20,CSE2264,NF01
Thursday,7 2:30 - 3:25,CSE2257,NF01
Thursday,8 3:25 - 4:15,MAT2501,NF01
Friday,1 8:50 - 9:45,CSE2253,NF01
Friday,3 10:50 - 11:45,CSE2251,NF01
Friday,4 11:45 - 12:35,MAT2501,NF01
Friday,7 2:30 - 3:25,APT4002,NF01
Monday,1 8:50 - 9:45,CSE2258,NF02
Monday,2 9:45 - 10:40,CSE2253,NF02
Monday,3 10:50 - 11:45,CSE2259,DTL03
Monday,6 1:25 - 2:20,MAT2501,NF02
Monday,7 2:30 - 3:25,APT4002,NF02
Tuesday,1 8:50 - 9:45,MAT2501,NF02
Tuesday,2 9:45 - 10:40,CSE2251,NF02
Tuesday,3 10:50 - 11:45,CSE2254,LFL02
Tuesday,6 1:25 - 2:20,CSE2253,NF02
Wednesday,1 8:50 - 9:45,CSE2257,NF02
Wednesday,2 9:45 - 10:40,CSE2264,NF02
Wednesday,3 10:50 - 11:45,CSE2251,NF02
Wednesday,4 11:45 - 12:35,CSE2258,NF02
Wednesday,7 2:30 - 3:25,CSE2252,DSL03
Thursday,1 8:50 - 9:45,CSE2258,NF02
Thursday,2 9:45 - 10:40,CSE2253,NF02
Thursday,3 10:50 - 11:45,CSE2257,NF02
Thursday,4 11:45 - 12:35,MAT2501,NF02
Thursday,7 2:30 - 3:25,CSE2264,NF02
Thursday,8 3:25 - 4:15,CSE1500,NF02
Friday,1 8:50 - 9:45,CSE2257,NF02
Friday,2 9:45 - 10:40,CSE1500,NF02
Friday,3 10:50 - 11:45,CSE2264,NF02
Friday,4 11:45 - 12:35,CSE2251,NF02
Friday,6 1:25 - 2:20,MAT2501,NF02
Monday,1 8:50 - 9:45,CSE2264,NF03
Monday,2 9:45 - 10:40,MAT2501,NF03
Monday,3 10:50 - 11:45,CSE2259,LGL05
Monday,7 2:30 - 3:25,CSE2252,DSL04
Tuesday,1 8:50 - 9:45,CSE2251,NF03
Tuesday,2 9:45 - 10:40,CSE2258,NF03
Tuesday,3 10:50 - 11:45,CSE2257,NF03
Tuesday,4 11:45 - 12:35,CSE1500,NF03
Tuesday,6 1:25 - 2:20,MAT2501,NF03
Tuesday,7 2:30 - 3:25,APT4002,NF03
Wednesday,1 8:50 - 9:45,CSE2251,NF03
Wednesday,2 9:45 - 10:40,CSE2257,NF03
Wednesday,3 10:50 - 11:45,CSE2254,LFL02
Wednesday,6 1:25 - 2:20,CSE2253,NF03
Wednesday,7 2:30 - 3:25,CSE2264,NF03
Wednesday,8 3:25 - 4:15,MAT2501,NF03
Thursday,3 10:50 - 11:45,CSE2264,NF03
Thursday,4 11:45 - 12:35,CSE2253,NF03
Thursday,6 1:25 - 2:20,CSE2258,NF03
Friday,1 8:50 - 9:45,MAT2501,NF03
Friday,2 9:45 - 10:40,CSE2258,NF03
Friday,4 11:45 - 12:35,CSE2251,NF03
Friday,6 1:25 - 2:20,CSE2257,NF03
Friday,7 2:30 - 3:25,CSE2253,NF03
Friday,8 3:25 - 4:15,CSE1500,NF03
Monday,1 8:50 - 9:45,APT4002,NF01
Monday,3 10:50 - 11:45,CSE2264,NF02
Monday,4 11:45 - 12:35,CSE2251,NF03
Monday,6 1:25 - 2:20,CSE1500,NF03
Monday,7 2:30 - 3:25,MAT2501,NF03
Monday,8 3:25 - 4:15,CSE2253,NF03
Tuesday,1 8:50 - 9:45,MAT2501,NF01
Tuesday,2 9:45 - 10:40,CSE2253,NF01
Tuesday,3 10:50 - 11:45,CSE2251,NF02
Tuesday,4 11:45 - 12:35,CSE2258,NF02
Tuesday,7 2:30 - 3:25,CSE2257,NF02
Tuesday,8 3:25 - 4:15,CSE2264,NF02
Wednesday,3 10:50 - 11:45,CSE2254,LFL01
Wednesday,6 1:25 - 2:20,CSE2258,NF02
Wednesday,7 2:30 - 3:25,CSE2252,DFL05
Thursday,1 8:50 - 9:45,CSE2264,NF03
Thursday,2 9:45 - 10:40,CSE2251,NF03
Thursday,6 1:25 - 2:20,MAT2501,NF02
Thursday,7 2:30 - 3:25,CSE2257,NF03
Thursday,8 3:25 - 4:15,CSE1500,NF03
Friday,2 9:45 - 10:40,CSE2253,NF01
Friday,6 1:25 - 2:20,MAT2501,NF01
Friday,7 2:30 - 3:25,CSE2258,NF02
Friday,8 3:25 - 4:15,CSE2257,NF02
Monday,3 10:50 - 11:45,CSE2253,NS01
Monday,4 11:45 - 12:35,CSE2251,NS01
Monday,6 1:25 - 2:20,CSE1500,NS01
Monday,7 2:30 - 3:25,CSE2264,NS01
Monday,8 3:25 - 4:15,MAT2501,NS01
Tuesday,1 8:50 - 9:45,CSE2258,NS01
Tuesday,2 9:45 - 10:40,MAT2501,NS01
Tuesday,3 10:50 - 11:45,CSE2264,NS01
Tuesday,4 11:45 - 12:35,CSE2251,NS01
Tuesday,7 2:30 - 3:25,CSE2257,NS01
Tuesday,8 3:25 - 4:15,CSE2253,NS01
Wednesday,1 8:50 - 9:45,CSE2254,LFL03
Wednesday,3 10:50 - 11:45,CSE2257,NS01
Wednesday,4 11:45 - 12:35,MAT2501,NS01
Wednesday,6 1:25 - 2:20,CSE2251,NS01
Wednesday,7 2:30 - 3:25,CSE2258,NS01
Wednesday,8 3:25 - 4:15,CSE2253,NS01
Thursday,1 8:50 - 9:45,CSE1500,NS01
Thursday,2 9:45 - 10:40,MAT2501,NS01
Thursday,3 10:50 - 11:45,CSE2259,LFL04
Thursday,6 1:25 - 2:20,CSE2257,NS01
Thursday,7 2:30 - 3:25,APT4002,NS01
Friday,3 10:50 - 11:45,CSE2264,NS01
Friday,4 11:45 - 12:35,CSE2258,NS01
Friday,7 2:30 - 3:25,CSE2252,DSL04
Monday,1 8:50 - 9:45,CSE1500,NS02
Monday,2 9:45 - 10:40,CSE2257,NS02
Monday,6 1:25 - 2:20,MAT2501,NS02
Monday,7 2:30 - 3:25,CSE2251,NS02
Monday,8 3:25 - 4:15,CSE2253,NS02
Tuesday,1 8:50 - 9:45,CSE2252,DFL04
Tuesday,3 10:50 - 11:45,APT4002,NS02
Tuesday,6 1:25 - 2:20,CSE2264,NS02
Tuesday,7 2:30 - 3:25,CSE2259,LFL04
Wednesday,1 8:50 - 9:45,MAT2501,NS02
Wednesday,2 9:45 - 10:40,CSE2258,NS02
Wednesday,7 2:30 - 3:25,CSE2254,LFL01
Thursday,1 8:50 - 9:45,CSE2251,NS02
Thursday,2 9:45 - 10:40,CSE2264,NS02
Thursday,3 10:50 - 11:45,CSE2253,NS02
Thursday,4 11:45 - 12:35,MAT2501,NS02
Thursday,7 2:30 - 3:25,CSE2258,NS02
Thursday,8 3:25 - 4:15,CSE2257,NS02
Friday,1 8:50 - 9:45,CSE2264,NS02
Friday,2 9:45 - 10:40,CSE2258,NS02
Friday,3 10:50 - 11:45,CSE2251,NS02
Friday,4 11:45 - 12:35,CSE1500,NS02
Friday,6 1:25 - 2:20,CSE2253,NS02
Friday,7 2:30 - 3:25,CSE2257,NS02
Friday,8 3:25 - 4:15,MAT2501,NS02
Monday,1 8:50 - 9:45,CSE2259,LFL05
Tuesday,3 10:50 - 11:45,CSE2254,LFL03
Thursday,3 10:50 - 11:45,CSE2252,DFL04
Monday,1 8:50 - 9:45,MAT2501,NS03
Monday,2 9:45 - 10:40,CSE1500,NS03
Monday,3 10:50 - 11:45,CBC2000,NS03
Monday,4 11:45 - 12:35,CSE2251,NS03
Monday,6 1:25 - 2:20,CSE2257,NS03
Monday,7 2:30 - 3:25,CSE2271,NS03
Tuesday,1 8:50 - 9:45,CSE2251,NS03
Tuesday,2 9:45 - 10:40,MAT2501,NS03
Tuesday,3 10:50 - 11:45,CSE2252,DSL03
Tuesday,6 1:25 - 2:20,CSE2253,NS03
Tuesday,7 2:30 - 3:25,CSE2271,NS03
Wednesday,1 8:50 - 9:45,CSE2257,NS03
Wednesday,2 9:45 - 10:40,CSE1500,NS03
Wednesday,3 10:50 - 11:45,CSE2253,NS03
Wednesday,4 11:45 - 12:35,MAT2501,NS03
Wednesday,6 1:25 - 2:20,CSE2251,NS03
Thursday,1 8:50 - 9:45,CSE2254,LFL03
Thursday,3 10:50 - 11:45,APT4002,NS03
Thursday,6 1:25 - 2:20,CBC2000,NS03
Thursday,7 2:30 - 3:25,CSE2257,NS03
Friday,1 8:50 - 9:45,CBC2000,NS03
Friday,2 9:45 - 10:40,MAT2501,NS03
Friday,6 1:25 - 2:20,CSE2271,NS03
Friday,7 2:30 - 3:25,CSE2253,NS03
Monday,1 8:50 - 9:45,CSE2251,NS01
Monday,2 9:45 - 10:40,CSE1500,NS01
Monday,3 10:50 - 11:45,CBD2000,NS02
Monday,4 11:45 - 12:35,MAT2501,NS02
Monday,7 2:30 - 3:25,CSE2254,LFL01
Tuesday,1 8:50 - 9:45,MAT2501,NS02
Tuesday,2 9:45 - 10:40,CSE2271,NS02
Tuesday,6 1:25 - 2:20,CSE2257,NS01
Tuesday,7 2:30 - 3:25,CSE2253,NS02
Tuesday,8 3:25 - 4:15,FIN1002,NS02
Wednesday,1 8:50 - 9:45,FIN1002,NS01
Wednesday,2 9:45 - 10:40,MAT2501,NS01
Wednesday,3 10:50 - 11:45,APT4002,NS02
Wednesday,6 1:25 - 2:20,CSE2257,NS02
Thursday,1 8:50 - 9:45,CSE1500,NS03
Thursday,2 9:45 - 10:40,CSE2251,NS03
Thursday,3 10:50 - 11:45,CBD2000,NS01
Thursday,4 11:45 - 12:35,CSE2253,NS01
Thursday,6 1:25 - 2:20,CSE2271,NS02
Thursday,7 2:30 - 3:25,CSE2252,DSL05
Friday,1 8:50 - 9:45,CSE2253,NS01
Friday,2 9:45 - 10:40,MAT2501,NS01
Friday,3 10:50 - 11:45,CSE2271,NS03
Friday,4 11:45 - 12:35,FIN1002,NS03
Friday,6 1:25 - 2:20,CBD2000,NS01
Friday,7 2:30 - 3:25,CSE2251,NS01
Friday,8 3:25 - 4:15,CSE2257,NS03
Monday,1 8:50 - 9:45,CSE2253,NS04
Monday,2 9:45 - 10:40,CSE2271,NS04
Monday,3 10:50 - 11:45,CSE2258,NS04
Monday,4 11:45 - 12:35,CSE2251,NS04
Monday,6 1:25 - 2:20,CSE1500,NS04
Monday,7 2:30 - 3:25,CSE2257,NS04
Monday,8 3:25 - 4:15,MAT2501,NS04
Tuesday,1 8:50 - 9:45,MAT2501,NS04
Tuesday,2 9:45 - 10:40,CSE2251,NS04
Tuesday,3 10:50 - 11:45,CSE2253,NS04
Tuesday,4 11:45 - 12:35,CSE2258,NS04
Tuesday,6 1:25 - 2:20,CSE2257,NS04
Tuesday,7 2:30 - 3:25,APT4002,NS04
Wednesday,1 8:50 - 9:45,CSE2271,NS04
Wednesday,3 10:50 - 11:45,CSE2252,DFL05
Wednesday,6 1:25 - 2:20,CSE2258,NS04
Thursday,1 8:50 - 9:45,CSE1500,NS04
Thursday,2 9:45 - 10:40,CSE2253,NS04
Thursday,3 10:50 - 11:45,CSE2271,NS04
Thursday,4 11:45 - 12:35,MAT2501,NS04
Thursday,7 2:30 - 3:25,CSE2259,LGL05
Friday,1 8:50 - 9:45,CSE2254,LFL03
Friday,3 10:50 - 11:45,CSE2257,NS04
Friday,4 11:45 - 12:35,MAT2501,NS04
Friday,6 1:25 - 2:20,CSE2251,NS04
Monday,1 8:50 - 9:45,CSE2251,NS05
Monday,2 9:45 - 10:40,CSE2257,NS05
Monday,3 10:50 - 11:45,CSE2253,NS05
Monday,4 11:45 - 12:35,MAT2501,NS05
Monday,6 1:25 - 2:20,CSE2271,NS05
Tuesday,1 8:50 - 9:45,CSE2253,NS05
Tuesday,3 10:50 - 11:45,MAT2501,NS05
Tuesday,4 11:45 - 12:35,CSE2251,NS05
Tuesday,6 1:25 - 2:20,CSE1500,NS05
Tuesday,7 2:30 - 3:25,CSE2258,NS05
Tuesday,8 3:25 - 4:15,CSE2271,NS05
Wednesday,1 8:50 - 9:45,CSE2257,NS05
Wednesday,2 9:45 - 10:40,CSE2258,NS05
Wednesday,3 10:50 - 11:45,CSE2254,LFL03
Wednesday,6 1:25 - 2:20,CSE1500,NS05
Thursday,1 8:50 - 9:45,MAT2501,NS05
Thursday,2 9:45 - 10:40,CSE2258,NS05
Thursday,3 10:50 - 11:45,CSE2252,DFL05
Thursday,6 1:25 - 2:20,CSE2253,NS05
Thursday,7 2:30 - 3:25,APT4002,NS05
Friday,1 8:50 - 9:45,CSE2257,NS05
Friday,2 9:45 - 10:40,CSE2251,NS05
Friday,6 1:25 - 2:20,CSE2271,NS05
Friday,8 3:25 - 4:15,MAT2501,NS05
Monday,1 8:50 - 9:45,CSE2257,NS06
Monday,2 9:45 - 10:40,CSE2271,NS06
Monday,3 10:50 - 11:45,MAT2501,NS06
Monday,4 11:45 - 12:35,CSE2253,NS06
Monday,6 1:25 - 2:20,CSE2258,NS06
Tuesday,1 8:50 - 9:45,MAT2501,NS06
Tuesday,2 9:45 - 10:40,CSE2271,NS06
Tuesday,3 10:50 - 11:45,CSE1500,NS06
Tuesday,4 11:45 - 12:35,CSE2257,NS06
Tuesday,6 1:25 - 2:20,CSE2251,NS06
Tuesday,7 2:30 - 3:25,CSE2259,LGL01
Wednesday,1 8:50 - 9:45,CSE2258,NS06
Wednesday,2 9:45 - 10:40,CSE2253,NS06
Wednesday,3 10:50 - 11:45,CSE2252,DSL03
Wednesday,6 1:25 - 2:20,MAT2501,NS06
Thursday,1 8:50 - 9:45,CSE2253,NS06
Thursday,4 11:45 - 12:35,CSE2257,NS06
Thursday,6 1:25 - 2:20,MAT2501,NS06
Thursday,7 2:30 - 3:25,CSE2251,NS06
Thursday,8 3:25 - 4:15,CSE2258,NS06
Friday,1 8:50 - 9:45,CSE2271,NS06
Friday,2 9:45 - 10:40,CSE2251,NS06
Friday,3 10:50 - 11:45,APT4002,NS06
Friday,6 1:25 - 2:20,CSE1500,NS06
Friday,7 2:30 - 3:25,CSE2254,LFL02
Monday,1 8:50 - 9:45,CSE2253,QS05
Monday,2 9:45 - 10:40,CDV2000,QS05
Monday,3 10:50 - 11:45,CSE2254,LTL01
Monday,6 1:25 - 2:20,CSE2257,QS05
Monday,7 2:30 - 3:25,CSE2271,QS05
Tuesday,1 8:50 - 9:45,CSE2257,QS05
Tuesday,2 9:45 - 10:40,MAT2501,QS05
Tuesday,3 10:50 - 11:45,APT4002,QS05
Tuesday,6 1:25 - 2:20,CSE2251,QS05
Tuesday,7 2:30 - 3:25,CDV2000,QS05
Wednesday,1 8:50 - 9:45,CSE2252,LTL03
Wednesday,3 10:50 - 11:45,MAT2501,QS05
Wednesday,4 11:45 - 12:35,CSE1500,QS05
Wednesday,6 1:25 - 2:20,CSE2257,QS05
Thursday,1 8:50 - 9:45,CSE1500,QS05
Thursday,2 9:45 - 10:40,CSE2271,QS05
Thursday,3 10:50 - 11:45,MAT2501,QS05
Thursday,4 11:45 - 12:35,CDV2000,QS05
Thursday,6 1:25 - 2:20,CSE2251,QS05
Thursday,7 2:30 - 3:25,CSE2253,QS05
Friday,3 10:50 - 11:45,MAT2501,QS05
Friday,4 11:45 - 12:35,CSE2251,QS05
Friday,6 1:25 - 2:20,CSE2271,QS05
Friday,7 2:30 - 3:25,CSE2253,QS05
Monday,3 10:50 - 11:45,CSE2251,QS06
Monday,4 11:45 - 12:35,CSE2271,QS06
Monday,6 1:25 - 2:20,CDV2000,QS06
Monday,7 2:30 - 3:25,CSE2253,QS06
Tuesday,1 8:50 - 9:45,CSE2254,LTL01
Tuesday,3 10:50 - 11:45,CSE2257,QS06
Tuesday,4 11:45 - 12:35,CDV2000,QS06
Tuesday,6 1:25 - 2:20,CSE1500,QS06
Tuesday,7 2:30 - 3:25,MAT2501,QS06
Wednesday,1 8:50 - 9:45,CSE2257,QS06
Wednesday,2 9:45 - 10:40,CSE2253,QS06
Wednesday,3 10:50 - 11:45,MAT2501,QS06
Wednesday,4 11:45 - 12:35,CSE2251,QS06
Wednesday,6 1:25 - 2:20,CSE2271,QS06
Thursday,1 8:50 - 9:45,CSE2252,LTL03
Thursday,3 10:50 - 11:45,APT4002,QS06
Thursday,6 1:25 - 2:20,MAT2501,QS06
Thursday,7 2:30 - 3:25,CSE1500,QS06
Friday,1 8:50 - 9:45,MAT2501,QS06
Friday,2 9:45 - 10:40,CSE2253,QS06
Friday,3 10:50 - 11:45,CSE2271,QS06
Friday,4 11:45 - 12:35,CSE2257,QS06
Friday,6 1:25 - 2:20,CSE2251,QS06
Friday,7 2:30 - 3:25,CDV2000,QS06
Monday,1 8:50 - 9:45,CSE2251,NT02
Monday,2 9:45 - 10:40,CSE2253,NT02
Monday,3 10:50 - 11:45,CIT2400,NT02
Monday,4 11:45 - 12:35,CSE2257,NT02
Monday,7 2:30 - 3:25,CSE2258,NT02
Monday,8 3:25 - 4:15,MAT2501,NT02
Tuesday,1 8:50 - 9:45,CSE2257,NT02
Tuesday,3 10:50 - 11:45,CSE2258,NT02
Tuesday,4 11:45 - 12:35,MAT2501,NT02
Tuesday,6 1:25 - 2:20,CSE2253,NT02
Wednesday,1 8:50 - 9:45,CSE2252,DFL05
Wednesday,3 10:50 - 11:45,CSE2258,NT02
Wednesday,4 11:45 - 12:35,CSE2251,NT02
Wednesday,6 1:25 - 2:20,CIT2400,NT02
Thursday,1 8:50 - 9:45,MAT2501,NT02
Thursday,2 9:45 - 10:40,CSE2251,NT02
Thursday,3 10:50 - 11:45,CSE2254,LFL03
Thursday,6 1:25 - 2:20,CSE1500,NT02
Thursday,7 2:30 - 3:25,CSE2259,LGL03
Friday,1 8:50 - 9:45,CSE2253,NT02
Friday,2 9:45 - 10:40,CIT2400,NT02
Friday,3 10:50 - 11:45,MAT2501,NT02
Friday,4 11:45 - 12:35,CSE2257,NT02
Friday,6 1:25 - 2:20,CSE1500,NT02
Friday,7 2:30 - 3:25,APT4002,NT02
Monday,1 8:50 - 9:45,CSE2253,NT03
Monday,2 9:45 - 10:40,MAT2501,NT03
Monday,3 10:50 - 11:45,CSE2251,NT03
Monday,4 11:45 - 12:35,CSE2258,NT03
Monday,6 1:25 - 2:20,CSE1500,NT03
Monday,7 2:30 - 3:25,CSE2254,LFL02
Tuesday,2 9:45 - 10:40,CIT2400,NT03
Tuesday,3 10:50 - 11:45,CSE2252,DFL04
Tuesday,6 1:25 - 2:20,CSE2251,NT03
Tuesday,7 2:30 - 3:25,CSE2253,NT03
Tuesday,8 3:25 - 4:15,CSE2257,NT03
Wednesday,1 8:50 - 9:45,CSE2258,NT03
Wednesday,2 9:45 - 10:40,MAT2501,NT03
Wednesday,3 10:50 - 11:45,APT4002,NT03
Thursday,1 8:50 - 9:45,CIT2400,NT03
Thursday,2 9:45 - 10:40,CSE2258,NT03
Thursday,3 10:50 - 11:45,CSE2257,NT03
Thursday,4 11:45 - 12:35,MAT2501,NT03
Thursday,6 1:25 - 2:20,CSE2253,NT03
Thursday,7 2:30 - 3:25,CSE2251,NT03
Thursday,8 3:25 - 4:15,CSE1500,NT03
Friday,3 10:50 - 11:45,CIT2400,NT03
Friday,4 11:45 - 12:35,MAT2501,NT03
Friday,6 1:25 - 2:20,CSE2257,NT03
Monday,1 8:50 - 9:45,MAT2501,NT01
Monday,2 9:45 - 10:40,CSE1500,NT01
Monday,3 10:50 - 11:45,CSE2252,DSL03
Monday,6 1:25 - 2:20,CSE2258,NT02
Monday,7 2:30 - 3:25,APT4002,NT03
Tuesday,1 8:50 - 9:45,CSE2258,NT03
Tuesday,2 9:45 - 10:40,CSE2257,NT02
Tuesday,3 10:50 - 11:45,MAT2501,NT03
Tuesday,4 11:45 - 12:35,CIT2400,NT03
Tuesday,7 2:30 - 3:25,CSE1500,NT02
Tuesday,8 3:25 - 4:15,CSE2251,NT02
Wednesday,1 8:50 - 9:45,CIT2400,NT02
Wednesday,2 9:45 - 10:40,MAT2501,NT02
Wednesday,3 10:50 - 11:45,CSE2259,LGL05
Wednesday,6 1:25 - 2:20,CSE2253,NT03
Thursday,3 10:50 - 11:45,CSE2251,NT02
Thursday,4 11:45 - 12:35,CSE2253,NT02
Thursday,7 2:30 - 3:25,CIT2400,NT02
Thursday,8 3:25 - 4:15,CSE2257,NT02
Friday,1 8:50 - 9:45,CSE2258,NT03
Friday,2 9:45 - 10:40,CSE2257,NT03
Friday,3 10:50 - 11:45,CSE2254,LFL02
Friday,6 1:25 - 2:20,CSE2253,NT01
Friday,7 2:30 - 3:25,CSE2251,NT03
Friday,8 3:25 - 4:15,MAT2501,NT03
Monday,1 8:50 - 9:45,CSE2251,NT04
Monday,2 9:45 - 10:40,MAT2501,NT04
Monday,3 10:50 - 11:45,APT4002,NT04
Monday,7 2:30 - 3:25,CSE2258,NT04
Tuesday,1 8:50 - 9:45,CSE2257,NT04
Tuesday,2 9:45 - 10:40,CSE2253,NT04
Tuesday,3 10:50 - 11:45,CSE2258,NT04
Tuesday,4 11:45 - 12:35,CSE1500,NT04
Tuesday,6 1:25 - 2:20,CSE2251,NT04
Tuesday,7 2:30 - 3:25,MAT2501,NT04
Wednesday,3 10:50 - 11:45,CSE2259,LTL04
Wednesday,6 1:25 - 2:20,CSE2257,NT04
Thursday,1 8:50 - 9:45,CSE1500,NT04
Thursday,2 9:45 - 10:40,CSE2253,NT04
Thursday,3 10:50 - 11:45,CSE2254,LTL01
Thursday,6 1:25 - 2:20,MAT2501,NT04
Thursday,7 2:30 - 3:25,CSE2251,NT04
Friday,1 8:50 - 9:45,CSE2252,LTL03
Friday,3 10:50 - 11:45,CSE2258,NT04
Friday,4 11:45 - 12:35,MAT2501,NT04
Friday,6 1:25 - 2:20,CSE2257,NT04
Friday,7 2:30 - 3:25,CSE2253,NT04
Monday,1 8:50 - 9:45,CSE2259,LTL04
Monday,3 10:50 - 11:45,APT4002,NT05
Monday,6 1:25 - 2:20,CSE2251,NT05
Monday,7 2:30 - 3:25,MAT2501,NT05
Tuesday,1 8:50 - 9:45,CSE2252,LTL03
Tuesday,3 10:50 - 11:45,CSE2251,NT05
Tuesday,4 11:45 - 12:35,MAT2501,NT05
Tuesday,7 2:30 - 3:25,CSE2257,NT05
Wednesday,1 8:50 - 9:45,CSE2253,NT05
Wednesday,2 9:45 - 10:40,CSE1500,NT05
Wednesday,3 10:50 - 11:45,CSE2254,LTL01
Wednesday,6 1:25 - 2:20,CSE2258,NT05
Thursday,1 8:50 - 9:45,CSE2251,NT05
Thursday,2 9:45 - 10:40,CSE1500,NT05
Thursday,3 10:50 - 11:45,CSE2258,NT05
Thursday,4 11:45 - 12:35,CSE2257,NT05
Thursday,6 1:25 - 2:20,MAT2501,NT05
Thursday,7 2:30 - 3:25,CSE2253,NT05
Friday,1 8:50 - 9:45,CSE2257,NT05
Friday,2 9:45 - 10:40,CSE2253,NT05
Friday,6 1:25 - 2:20,MAT2501,NT05
Friday,7 2:30 - 3:25,CSE2258,NT05
Monday,1 8:50 - 9:45,CSE2253,NT06
Monday,2 9:45 - 10:40,MAT2501,NT06
Monday,3 10:50 - 11:45,CSE2252,LTL03
Monday,6 1:25 - 2:20,CSE2258,NT06
Monday,7 2:30 - 3:25,CSE1500,NT06
Tuesday,1 8:50 - 9:45,CSE2251,NT06
Tuesday,2 9:45 - 10:40,CSE2258,NT06
Tuesday,6 1:25 - 2:20,CSE2257,NT06
Tuesday,7 2:30 - 3:25,CSE2253,NT06
Wednesday,1 8:50 - 9:45,MAT2501,NT06
Wednesday,2 9:45 - 10:40,CSE2258,NT06
Wednesday,3 10:50 - 11:45,CSE2251,NT06
Wednesday,4 11:45 - 12:35,CSE2257,NT06
Thursday,1 8:50 - 9:45,CSE2254,LTL01
Thursday,3 10:50 - 11:45,CSE2259,LTL04
Thursday,6 1:25 - 2:20,MAT2501,NT06
Thursday,7 2:30 - 3:25,CSE2257,NT06
Friday,1 8:50 - 9:45,MAT2501,NT06
Friday,2 9:45 - 10:40,CSE2253,NT06
Friday,3 10:50 - 11:45,APT4002,NT06
Friday,6 1:25 - 2:20,CSE1500,NT06
Friday,7 2:30 - 3:25,CSE2251,NT06
Monday,1 8:50 - 9:45,CSE2251,NT05
Monday,2 9:45 - 10:40,CSE2258,NT05
Monday,3 10:50 - 11:45,FIN1002,NT06
Monday,4 11:45 - 12:35,CSE2253,NT06
Monday,6 1:25 - 2:20,MAT2501,NT04
Monday,7 2:30 - 3:25,CSE2252,DSL05
Tuesday,1 8:50 - 9:45,CSE2251,NT05
Tuesday,2 9:45 - 10:40,CSE2257,NT05
Tuesday,3 10:50 - 11:45,FIN1002,NT06
Tuesday,4 11:45 - 12:35,CSE1500,NT06
Tuesday,6 1:25 - 2:20,CSE2258,NT05
Tuesday,7 2:30 - 3:25,CSE2254,LFL03
Wednesday,1 8:50 - 9:45,FIN1002,NT04
Wednesday,2 9:45 - 10:40,CSE2253,NT04
Wednesday,3 10:50 - 11:45,APT4002,NT05
Wednesday,6 1:25 - 2:20,MAT2501,NT06
Thursday,1 8:50 - 9:45,CSE2253,NT06
Thursday,2 9:45 - 10:40,CSE2257,NT06
Thursday,3 10:50 - 11:45,CSE1500,NT04
Thursday,4 11:45 - 12:35,MAT2501,NT06
Friday,1 8:50 - 9:45,CSE2251,NT04
Friday,2 9:45 - 10:40,CSE2258,NT04
Friday,3 10:50 - 11:45,CSE2257,NT05
Friday,4 11:45 - 12:35,MAT2501,NT05
Tuesday,3 10:50 - 11:45,CSE2259,LFL05
Thursday,3 10:50 - 11:45,CSE2254,LFL02
Friday,3 10:50 - 11:45,CSE2252,DSL04
Monday,7 2:30 - 3:25,CSE2252,DSL03
Tuesday,7 2:30 - 3:25,CSE2254,LFL01
Friday,7 2:30 - 3:25,CSE2259,LGL05
Monday,3 10:50 - 11:45,CSE2254,LFL02
Thursday,1 8:50 - 9:45,CSE2252,DSL04
Monday,5 12:35 - 1:25,CSE2254,LFL03
Thursday,7 2:30 - 3:25,CSE2259,LFL05
Friday,5 12:35 - 1:25,CSE2252,DSL03
Wednesday,5 12:35 - 1:25,CSE2252,DSL05
Friday,7 2:30 - 3:25,CSE2254,LFL01
Monday,5 12:35 - 1:25,CSE2254,LFL01
Tuesday,1 8:50 - 9:45,CSE2252,DSL03
Friday,5 12:35 - 1:25,CSE2259,LFL04
Tuesday,5 12:35 - 1:25,CSE2252,DSL03
Friday,1 8:50 - 9:45,CSE2254,LFL01
Monday,1 8:50 - 9:45,CSE2252,DFL05
Tuesday,5 12:35 - 1:25,CSE2254,LFL01
Monday,1 8:50 - 9:45,MAT2501,PF01
Monday,2 9:45 - 10:40,CSE2257,PF01
Monday,3 10:50 - 11:45,FIN1002,PF01
Monday,5 12:35 - 1:25,CSE2252,DFL05
Monday,7 2:30 - 3:25,CSE2253,PF01
Monday,8 3:25 - 4:15,CSE1500,PF01
Tuesday,1 8:50 - 9:45,CSE2254,LFL03
Tuesday,3 10:50 - 11:45,CSE2258,PF01
Tuesday,5 12:35 - 1:25,APT4002,PF01
Tuesday,7 2:30 - 3:25,MAT2501,PF01
Tuesday,8 3:25 - 4:15,CSE2251,PF01
Wednesday,1 8:50 - 9:45,CSE2251,PF01
Wednesday,2 9:45 - 10:40,CSE2253,PF01
Wednesday,3 10:50 - 11:45,CSE2258,PF01
Wednesday,5 12:35 - 1:25,FIN1002,PF01
Wednesday,6 1:25 - 2:20,CSE2257,PF01
Thursday,3 10:50 - 11:45,CSE2257,PF01
Thursday,5 12:35 - 1:25,FIN1002,PF01
Thursday,6 1:25 - 2:20,CSE2251,PF01
Thursday,7 2:30 - 3:25,CSE1500,PF01
Thursday,8 3:25 - 4:15,MAT2501,PF01
Friday,2 9:45 - 10:40,CSE2258,PF01
Friday,7 2:30 - 3:25,CSE2253,PF01
Friday,8 3:25 - 4:15,MAT2501,PF01
Monday,1 8:50 - 9:45,CSE2251,PF02
Monday,2 9:45 - 10:40,MAT2501,PF02
Monday,5 12:35 - 1:25,FIN1002,PF02
Monday,6 1:25 - 2:20,CSE2257,PF02
Monday,7 2:30 - 3:25,CSE2259,LGL02
Tuesday,1 8:50 - 9:45,APT4002,PF02
Tuesday,3 10:50 - 11:45,CSE1500,PF02
Tuesday,5 12:35 - 1:25,CSE2253,PF02
Tuesday,6 1:25 - 2:20,MAT2501,PF02
Tuesday,7 2:30 - 3:25,CSE2254,LFL02
Wednesday,3 10:50 - 11:45,CSE2257,PF02
Wednesday,5 12:35 - 1:25,CSE2258,PF02
Wednesday,6 1:25 - 2:20,CSE2253,PF02
Thursday,1 8:50 - 9:45,MAT2501,PF02
Thursday,2 9:45 - 10:40,CSE2251,PF02
Thursday,5 12:35 - 1:25,CSE2252,DFL05
Thursday,7 2:30 - 3:25,FIN1002,PF02
Thursday,8 3:25 - 4:15,CSE2258,PF02
Friday,1 8:50 - 9:45,CSE2258,PF02
Friday,2 9:45 - 10:40,CSE2257,PF02
Friday,3 10:50 - 11:45,CSE2253,PF02
Friday,5 12:35 - 1:25,CSE2251,PF02
Friday,6 1:25 - 2:20,MAT2501,PF02
Friday,7 2:30 - 3:25,FIN1002,PF02
Friday,8 3:25 - 4:15,CSE1500,PF02
Monday,1 8:50 - 9:45,MAT2501,PF03
Monday,2 9:45 - 10:40,CSE2258,PF03
Monday,3 10:50 - 11:45,CSE2257,PF03
Monday,5 12:35 - 1:25,CSE2253,PF03
Monday,6 1:25 - 2:20,FIN1002,PF03
Monday,7 2:30 - 3:25,APT4002,PF03
Tuesday,1 8:50 - 9:45,CSE1500,PF03
Tuesday,2 9:45 - 10:40,CSE2258,PF03
Tuesday,5 12:35 - 1:25,CSE2259,LFL05
Tuesday,7 2:30 - 3:25,CSE2251,PF03
Tuesday,8 3:25 - 4:15,MAT2501,PF03
Wednesday,1 8:50 - 9:45,CSE2258,PF03
Wednesday,2 9:45 - 10:40,MAT2501,PF03
Wednesday,5 12:35 - 1:25,CSE2257,PF03
Wednesday,6 1:25 - 2:20,FIN1002,PF03
Thursday,1 8:50 - 9:45,CSE2254,LFL02
Thursday,3 10:50 - 11:45,CSE2251,PF03
Thursday,5 12:35 - 1:25,CSE1500,PF03
Thursday,6 1:25 - 2:20,CSE2253,PF03
Thursday,7 2:30 - 3:25,CSE2252,DSL04
Friday,1 8:50 - 9:45,MAT2501,PF03
Friday,2 9:45 - 10:40,CSE2251,PF03
Friday,3 10:50 - 11:45,CSE2257,PF03
Friday,5 12:35 - 1:25,CSE2253,PF03
Friday,6 1:25 - 2:20,FIN1002,PF03
Monday,1 8:50 - 9:45,CSE2254,LFL01
Monday,3 10:50 - 11:45,CSE2257,PF02
Monday,5 12:35 - 1:25,CSE2251,PF01
Monday,6 1:25 - 2:20,MAT2501,PF01
Monday,7 2:30 - 3:25,FIN1002,PF02
Monday,8 3:25 - 4:15,CSE2258,PF02
Tuesday,1 8:50 - 9:45,CSE1500,PF01
Tuesday,2 9:45 - 10:40,CSE2257,PF01
Tuesday,3 10:50 - 11:45,FIN1002,PF03
Tuesday,5 12:35 - 1:25,CSE2253,PF03
Tuesday,6 1:25 - 2:20,MAT2501,PF03
Tuesday,7 2:30 - 3:25,CSE2259,LFL05
Wednesday,1 8:50 - 9:45,MAT2501,PF02
Wednesday,2 9:45 - 10:40,CSE2253,PF02
Wednesday,3 10:50 - 11:45,CSE2257,PF03
Thursday,1 8:50 - 9:45,CSE2251,PF01
Thursday,2 9:45 - 10:40,CSE2258,PF01
Thursday,5 12:35 - 1:25,CSE2252,DFL04
Thursday,7 2:30 - 3:25,APT4002,PF03
Friday,1 8:50 - 9:45,FIN1002,PF01
Friday,3 10:50 - 11:45,CSE2253,PF01
Friday,5 12:35 - 1:25,CSE2251,PF01
Friday,6 1:25 - 2:20,CSE2258,PF01
Friday,7 2:30 - 3:25,CSE1500,PF03
Friday,8 3:25 - 4:15,MAT2501,PF03
Monday,1 8:50 - 9:45,CSE2251,PS01
Monday,2 9:45 - 10:40,FIN1002,PS01
Monday,5 12:35 - 1:25,CSE2257,PS01
Monday,6 1:25 - 2:20,CSE2253,PS01
Monday,7 2:30 - 3:25,MAT2501,PS01
Monday,8 3:25 - 4:15,CSE2258,PS01
Tuesday,1 8:50 - 9:45,CSE2257,PS01
Tuesday,2 9:45 - 10:40,MAT2501,PS01
Tuesday,3 10:50 - 11:45,CSE2258,PS01
Wednesday,1 8:50 - 9:45,CSE2257,PS01
Wednesday,2 9:45 - 10:40,CSE2251,PS01
Wednesday,5 12:35 - 1:25,FIN1002,PS01
Wednesday,6 1:25 - 2:20,MAT2501,PS01
Thursday,1 8:50 - 9:45,CSE2258,PS01
Thursday,2 9:45 - 10:40,CSE1500,PS01
Thursday,3 10:50 - 11:45,CSE2251,PS01
Thursday,5 12:35 - 1:25,CSE2254,LFL01
Thursday,7 2:30 - 3:25,FIN1002,PS01
Thursday,8 3:25 - 4:15,CSE2253,PS01
Friday,1 8:50 - 9:45,CSE2253,PS01
Friday,2 9:45 - 10:40,MAT2501,PS01
Friday,3 10:50 - 11:45,CSE1500,PS01
Friday,5 12:35 - 1:25,APT4002,PS01
Friday,7 2:30 - 3:25,CSE2252,DFL05
Monday,1 8:50 - 9:45,CSE2257,PS02
Monday,2 9:45 - 10:40,CSE2253,PS02
Monday,3 10:50 - 11:45,MAT2501,PS02
Monday,5 12:35 - 1:25,CSE2252,DSL04
Monday,7 2:30 - 3:25,CSE2251,PS02
Monday,8 3:25 - 4:15,FIN1002,PS02
Tuesday,1 8:50 - 9:45,CSE2258,PS02
Tuesday,3 10:50 - 11:45,CSE2257,PS02
Tuesday,7 2:30 - 3:25,APT4002,PS02
Wednesday,1 8:50 - 9:45,CSE2254,LFL02
Wednesday,3 10:50 - 11:45,MAT2501,PS02
Wednesday,5 12:35 - 1:25,CSE2251,PS02
Wednesday,6 1:25 - 2:20,CSE2253,PS02
Thursday,1 8:50 - 9:45,CSE2251,PS02
Thursday,2 9:45 - 10:40,MAT2501,PS02
Thursday,3 10:50 - 11:45,CSE2258,PS02
Thursday,5 12:35 - 1:25,CSE1500,PS02
Thursday,6 1:25 - 2:20,FIN1002,PS02
Thursday,7 2:30 - 3:25,CSE2259,LGL02
Friday,1 8:50 - 9:45,CSE1500,PS02
Friday,3 10:50 - 11:45,CSE2253,PS02
Friday,5 12:35 - 1:25,FIN1002,PS02
Friday,6 1:25 - 2:20,MAT2501,PS02
Friday,7 2:30 - 3:25,CSE2257,PS02
Friday,8 3:25 - 4:15,CSE2258,PS02
Monday,3 10:50 - 11:45,CSE2257,PS03
Monday,5 12:35 - 1:25,CSE2251,PS03
Monday,6 1:25 - 2:20,CSE2258,PS03
Monday,7 2:30 - 3:25,MAT2501,PS03
Monday,8 3:25 - 4:15,CSE2253,PS03
Tuesday,1 8:50 - 9:45,CSE2257,PS03
Tuesday,3 10:50 - 11:45,FIN1002,PS03
Tuesday,5 12:35 - 1:25,CSE2251,PS03
Tuesday,6 1:25 - 2:20,CSE2253,PS03
Tuesday,7 2:30 - 3:25,CSE2252,DSL04
Wednesday,1 8:50 - 9:45,CSE2258,PS03
Wednesday,2 9:45 - 10:40,MAT2501,PS03
Wednesday,3 10:50 - 11:45,CSE1500,PS03
Wednesday,5 12:35 - 1:25,APT4002,PS03
Thursday,1 8:50 - 9:45,CSE2254,LFL01
Thursday,3 10:50 - 11:45,MAT2501,PS03
Thursday,5 12:35 - 1:25,CSE2253,PS03
Thursday,6 1:25 - 2:20,CSE2251,PS03
Thursday,7 2:30 - 3:25,FIN1002,PS03
Thursday,8 3:25 - 4:15,CSE2257,PS03
Friday,1 8:50 - 9:45,CSE2259,LGL03
Friday,5 12:35 - 1:25,CSE1500,PS03
Friday,6 1:25 - 2:20,CSE2258,PS03
Friday,7 2:30 - 3:25,FIN1002,PS03
Friday,8 3:25 - 4:15,MAT2501,PS03
Monday,1 8:50 - 9:45,CSE2257,PS03
Monday,2 9:45 - 10:40,CSE2258,PS03
Monday,3 10:50 - 11:45,FIN1002,PS01
Monday,5 12:35 - 1:25,CSE2251,PS02
Monday,6 1:25 - 2:20,MAT2501,PS02
Monday,7 2:30 - 3:25,CSE2252,DFL05
Tuesday,5 12:35 - 1:25,CSE2258,PS02
Tuesday,6 1:25 - 2:20,MAT2501,PS01
Tuesday,7 2:30 - 3:25,APT4002,PS01
Wednesday,1 8:50 - 9:45,CSE2251,PS02
Wednesday,2 9:45 - 10:40,FIN1002,PS02
Wednesday,3 10:50 - 11:45,CSE2253,PS01
Thursday,1 8:50 - 9:45,MAT2501,PS03
Thursday,2 9:45 - 10:40,FIN1002,PS03
Thursday,5 12:35 - 1:25,CSE2257,PS01
Thursday,6 1:25 - 2:20,CSE1500,PS01
Thursday,7 2:30 - 3:25,CSE2253,PS02
Thursday,8 3:25 - 4:15,CSE2258,PS02
Friday,1 8:50 - 9:45,CSE1500,PS03
Friday,2 9:45 - 10:40,CSE2251,PS02
Friday,3 10:50 - 11:45,CSE2253,PS03
Friday,5 12:35 - 1:25,CSE2254,LFL03
Friday,7 2:30 - 3:25,CSE2257,PS01
Friday,8 3:25 - 4:15,MAT2501,PS01
Monday,1 8:50 - 9:45,CSE2257,PT01
Monday,2 9:45 - 10:40,FIN1002,PT01
Monday,5 12:35 - 1:25,CSE2258,PT01
Monday,6 1:25 - 2:20,CSE1500,PT01
Monday,7 2:30 - 3:25,MAT2501,PT01
Monday,8 3:25 - 4:15,CSE2253,PT01
Tuesday,1 8:50 - 9:45,CSE2253,PT01
Tuesday,2 9:45 - 10:40,FIN1002,PT01
Tuesday,5 12:35 - 1:25,CSE2254,LFL03
Tuesday,7 2:30 - 3:25,CSE2258,PT01
Tuesday,8 3:25 - 4:15,MAT2501,PT01
Wednesday,3 10:50 - 11:45,CSE2251,PT01
Wednesday,5 12:35 - 1:25,CSE2252,DFL05
Thursday,1 8:50 - 9:45,CSE2257,PT01
Thursday,2 9:45 - 10:40,FIN1002,PT01
Thursday,3 10:50 - 11:45,MAT2501,PT01
Thursday,5 12:35 - 1:25,CSE2253,PT01
Thursday,6 1:25 - 2:20,CSE2251,PT01
Thursday,7 2:30 - 3:25,APT4002,PT01
Friday,1 8:50 - 9:45,CSE2257,PT01
Friday,2 9:45 - 10:40,CSE2258,PT01
Friday,3 10:50 - 11:45,CSE2251,PT01
Friday,5 12:35 - 1:25,CSE1500,PT01
Friday,6 1:25 - 2:20,MAT2501,PT01
Friday,7 2:30 - 3:25,CSE2259,LGL02
Monday,1 8:50 - 9:45,CSE1500,PT02
Monday,2 9:45 - 10:40,CSE2258,PT02
Monday,3 10:50 - 11:45,CSE2257,PT02
Monday,5 12:35 - 1:25,CSE2251,PT02
Monday,6 1:25 - 2:20,FIN1002,PT02
Monday,7 2:30 - 3:25,CSE2253,PT02
Monday,8 3:25 - 4:15,MAT2501,PT02
Tuesday,1 8:50 - 9:45,CSE2253,PT02
Tuesday,2 9:45 - 10:40,CSE2251,PT02
Tuesday,3 10:50 - 11:45,CSE2258,PT02
Tuesday,5 12:35 - 1:25,FIN1002,PT02
Tuesday,6 1:25 - 2:20,MAT2501,PT02
Wednesday,1 8:50 - 9:45,CSE2258,PT02
Wednesday,2 9:45 - 10:40,CSE2257,PT02
Wednesday,3 10:50 - 11:45,CSE2251,PT02
Thursday,1 8:50 - 9:45,CSE2252,DSL05
Thursday,6 1:25 - 2:20,MAT2501,PT02
Thursday,7 2:30 - 3:25,FIN1002,PT02
Thursday,8 3:25 - 4:15,CSE1500,PT02
Friday,1 8:50 - 9:45,CSE2253,PT02
Friday,2 9:45 - 10:40,MAT2501,PT02
Friday,3 10:50 - 11:45,CSE2257,PT02
Friday,5 12:35 - 1:25,CSE2254,LFL02
Friday,7 2:30 - 3:25,APT4002,PT02
Monday,1 8:50 - 9:45,CSE2254,LFL02
Monday,3 10:50 - 11:45,CSE2251,PT03
Monday,5 12:35 - 1:25,APT4002,PT03
Tuesday,1 8:50 - 9:45,MAT2501,PT03
Tuesday,2 9:45 - 10:40,CSE2258,PT03
Tuesday,3 10:50 - 11:45,CSE2257,PT03
Tuesday,7 2:30 - 3:25,FIN1002,PT03
Tuesday,8 3:25 - 4:15,CSE2253,PT03
Wednesday,1 8:50 - 9:45,CSE2251,PT03
Wednesday,2 9:45 - 10:40,MAT2501,PT03
Wednesday,3 10:50 - 11:45,CSE2258,PT03
Wednesday,5 12:35 - 1:25,CSE1500,PT03
Wednesday,6 1:25 - 2:20,CSE2253,PT03
Thursday,1 8:50 - 9:45,FIN1002,PT03
Thursday,2 9:45 - 10:40,MAT2501,PT03
Thursday,3 10:50 - 11:45,CSE2257,PT03
Thursday,7 2:30 - 3:25,CSE2251,PT03
Thursday,8 3:25 - 4:15,CSE2253,PT03
Friday,1 8:50 - 9:45,CSE1500,PT03
Friday,5 12:35 - 1:25,FIN1002,PT03
Friday,6 1:25 - 2:20,MAT2501,PT03
Friday,7 2:30 - 3:25,CSE2257,PT03
Friday,8 3:25 - 4:15,CSE2258,PT03
Monday,1 8:50 - 9:45,CSE2258,PT03
Monday,2 9:45 - 10:40,FIN1002,PT03
Monday,3 10:50 - 11:45,CSE2251,PT01
Monday,5 12:35 - 1:25,CSE2252,DFL04
Monday,7 2:30 - 3:25,MAT2501,PT03
Monday,8 3:25 - 4:15,CSE2257,PT03
Tuesday,3 10:50 - 11:45,CSE2253,PT01
Tuesday,5 12:35 - 1:25,CSE2257,PT03
Tuesday,6 1:25 - 2:20,MAT2501,PT03
Wednesday,1 8:50 - 9:45,CSE2253,PT01
Wednesday,2 9:45 - 10:40,CSE2251,PT01
Wednesday,5 12:35 - 1:25,APT4002,PT01
Thursday,1 8:50 - 9:45,CSE2258,PT02
Thursday,2 9:45 - 10:40,FIN1002,PT02
Thursday,3 10:50 - 11:45,CSE1500,PT02
Thursday,5 12:35 - 1:25,CSE2257,PT03
Thursday,6 1:25 - 2:20,MAT2501,PT03
Thursday,7 2:30 - 3:25,CSE2254,LFL01
Friday,2 9:45 - 10:40,CSE2251,PT03
Friday,3 10:50 - 11:45,CSE2258,PT03
Friday,5 12:35 - 1:25,CSE2253,PT02
Friday,6 1:25 - 2:20,MAT2501,PT02
Friday,7 2:30 - 3:25,FIN1002,PT01
Friday,8 3:25 - 4:15,CSE1500,PT01
Tuesday,7 2:30 - 3:25,CSE2252,LTL03
Thursday,5 12:35 - 1:25,CSE2254,LTL01
Friday,7 2:30 - 3:25,CSE2259,LTL04
Wednesday,5 12:35 - 1:25,CSE2254,LTL01
Thursday,5 12:35 - 1:25,CSE2252,LTL03
Friday,1 8:50 - 9:45,CSE2259,LTL04
Monday,7 2:30 - 3:25,CSE2254,LTL01
Thursday,7 2:30 - 3:25,CSE2259,LTL04
Friday,5 12:35 - 1:25,CSE2252,LTL03
Monday,7 2:30 - 3:25,CSE2259,LFL05
Friday,5 12:35 - 1:25,CSE2252,DSL04
Friday,7 2:30 - 3:25,CSE2254,LFL03
Tuesday,5 12:35 - 1:25,CSE2252,DFL04
Wednesday,1 8:50 - 9:45,CSE2259,LFL04
Thursday,5 12:35 - 1:25,CSE2254,LFL03
Monday,1 8:50 - 9:45,MAT2501,PT04
Monday,2 9:45 - 10:40,CSE2258,PT04
Monday,3 10:50 - 11:45,CSE2253,PT04
Monday,5 12:35 - 1:25,CSE2257,PT04
Monday,6 1:25 - 2:20,CSE2251,PT04
Monday,8 3:25 - 4:15,CSE1500,PT04
Tuesday,1 8:50 - 9:45,CSE2264,PT04
Tuesday,2 9:45 - 10:40,CSE2253,PT04
Tuesday,3 10:50 - 11:45,CSE2258,PT04
Wednesday,1 8:50 - 9:45,CSE2251,PT04
Wednesday,2 9:45 - 10:40,CSE2264,PT04
Wednesday,3 10:50 - 11:45,CSE2253,PT04
Wednesday,5 12:35 - 1:25,CSE2252,DSL03
Wednesday,7 2:30 - 3:25,MAT2501,PT04
Thursday,1 8:50 - 9:45,CSE2258,PT04
Thursday,2 9:45 - 10:40,CSE2257,PT04
Thursday,3 10:50 - 11:45,MAT2501,PT04
Thursday,5 12:35 - 1:25,CSE2251,PT04
Thursday,6 1:25 - 2:20,CSE1500,PT04
Thursday,7 2:30 - 3:25,CSE2254,LFL03
Friday,1 8:50 - 9:45,APT4002,PT04
Friday,3 10:50 - 11:45,CSE2257,PT04
Friday,5 12:35 - 1:25,CSE2264,PT04
Friday,6 1:25 - 2:20,MAT2501,PT04
Monday,1 8:50 - 9:45,CSE2252,DSL03
Monday,3 10:50 - 11:45,CSE2258,NF03
Monday,7 2:30 - 3:25,CSE2253,NF04
Monday,8 3:25 - 4:15,MAT2501,NF04
Tuesday,1 8:50 - 9:45,CSE2259,LFL05
Tuesday,3 10:50 - 11:45,CSE2251,NF04
Tuesday,7 2:30 - 3:25,MAT2501,NF04
Tuesday,8 3:25 - 4:15,CSE2257,NF04
Wednesday,1 8:50 - 9:45,CSE2254,LFL01
Wednesday,3 10:50 - 11:45,CSE2258,NF03
Wednesday,5 12:35 - 1:25,CSE2253,NF04
Wednesday,6 1:25 - 2:20,CSE2264,NF04
Wednesday,7 2:30 - 3:25,MAT2501,NF04
Thursday,1 8:50 - 9:45,CSE2264,NF04
Thursday,2 9:45 - 10:40,CSE2251,NF04
Thursday,5 12:35 - 1:25,MAT2501,NF04
Thursday,6 1:25 - 2:20,CSE2257,NF04
Thursday,7 2:30 - 3:25,CSE2253,NF04
Thursday,8 3:25 - 4:15,CSE1500,NF04
Friday,1 8:50 - 9:45,CSE2264,NF04
Friday,2 9:45 - 10:40,CSE1500,NF04
Friday,3 10:50 - 11:45,CSE2258,NF03
Friday,5 12:35 - 1:25,APT4002,NF04
Friday,7 2:30 - 3:25,CSE2251,NF04
Friday,8 3:25 - 4:15,CSE2257,NF04
Monday,1 8:50 - 9:45,CSE1500,PF04
Monday,2 9:45 - 10:40,CSE2251,PF04
Monday,3 10:50 - 11:45,CSE2253,PF04
Monday,5 12:35 - 1:25,CSE2264,PF04
Monday,6 1:25 - 2:20,CSE2258,PF04
Monday,7 2:30 - 3:25,MAT2501,PF04
Monday,8 3:25 - 4:15,CSE2257,PF04
Tuesday,1 8:50 - 9:45,CSE2254,LFL01
Tuesday,5 12:35 - 1:25,CSE2264,PF04
Tuesday,6 1:25 - 2:20,CSE2257,PF04
Tuesday,7 2:30 - 3:25,APT4002,PF04
Wednesday,1 8:50 - 9:45,CSE2252,DSL04
Wednesday,3 10:50 - 11:45,CSE2257,PF04
Wednesday,5 12:35 - 1:25,CSE2258,PF04
Wednesday,6 1:25 - 2:20,MAT2501,PF04
Wednesday,7 2:30 - 3:25,CSE2253,PF04
Thursday,3 10:50 - 11:45,MAT2501,PF04
Thursday,7 2:30 - 3:25,CSE2258,PF04
Thursday,8 3:25 - 4:15,CSE2251,PF04
Friday,1 8:50 - 9:45,MAT2501,PF04
Friday,2 9:45 - 10:40,CSE2253,PF04
Friday,3 10:50 - 11:45,CSE1500,PF04
Friday,5 12:35 - 1:25,CSE2264,PF04
Friday,6 1:25 - 2:20,CSE2251,PF04
Friday,7 2:30 - 3:25,CSE2259,LFL04
Monday,1 8:50 - 9:45,CSE2253,QF01
Monday,2 9:45 - 10:40,MAT2501,QF01
Monday,3 10:50 - 11:45,CSE2264,QF01
Monday,5 12:35 - 1:25,APT4002,QF01
Monday,7 2:30 - 3:25,CSE2251,QF01
Monday,8 3:25 - 4:15,CSE1500,QF01
Tuesday,1 8:50 - 9:45,CSE2257,QF01
Tuesday,2 9:45 - 10:40,CSE2258,QF01
Tuesday,3 10:50 - 11:45,CSE2253,QF01
Tuesday,5 12:35 - 1:25,MAT2501,QF01
Tuesday,6 1:25 - 2:20,CSE2251,QF01
Wednesday,1 8:50 - 9:45,CSE2258,QF01
Wednesday,2 9:45 - 10:40,CSE1500,QF01
Wednesday,3 10:50 - 11:45,CSE2264,QF01
Wednesday,5 12:35 - 1:25,CSE2252,DSL04
Wednesday,7 2:30 - 3:25,CSE2257,QF01
Thursday,1 8:50 - 9:45,MAT2501,QF01
Thursday,2 9:45 - 10:40,CSE2264,QF01
Thursday,7 2:30 - 3:25,CSE2254,LFL02
Friday,1 8:50 - 9:45,CSE2251,QF01
Friday,2 9:45 - 10:40,CSE2257,QF01
Friday,3 10:50 - 11:45,CSE2253,QF01
Friday,5 12:35 - 1:25,CSE2258,QF01
Friday,6 1:25 - 2:20,MAT2501,QF01
Monday,1 8:50 - 9:45,CSE2257,NF04
Monday,2 9:45 - 10:40,CSE2251,NF04
Monday,5 12:35 - 1:25,CSE2254,LFL02
Tuesday,1 8:50 - 9:45,CSE2251,PF04
Tuesday,2 9:45 - 10:40,CSE2258,PF04
Tuesday,3 10:50 - 11:45,CSE2257,PF04
Tuesday,6 1:25 - 2:20,MAT2501,NF04
Tuesday,7 2:30 - 3:25,CSE2253,QF01
Tuesday,8 3:25 - 4:15,CSE2271,QF01
Wednesday,1 8:50 - 9:45,MAT2501,NF04
Wednesday,2 9:45 - 10:40,CSE1500,PF04
Wednesday,3 10:50 - 11:45,CSE2253,NF04
Wednesday,5 12:35 - 1:25,APT4002,QF01
Thursday,1 8:50 - 9:45,CSE2251,PF04
Thursday,2 9:45 - 10:40,CSE1500,PF04
Thursday,3 10:50 - 11:45,CSE2271,QF01
Thursday,5 12:35 - 1:25,CSE2258,PF04
Thursday,6 1:25 - 2:20,MAT2501,PF04
Thursday,7 2:30 - 3:25,CSE2257,QF01
Thursday,8 3:25 - 4:15,CSE2253,QF01
Friday,1 8:50 - 9:45,CSE2252,DFL04
Friday,3 10:50 - 11:45,CSE2271,NF04
Friday,7 2:30 - 3:25,MAT2501,PF04
Friday,8 3:25 - 4:15,CSE2258,QF01
Monday,1 8:50 - 9:45,APT4002,QF02
Monday,3 10:50 - 11:45,MAT2501,QF02
Monday,5 12:35 - 1:25,CSE2271,QF02
Monday,6 1:25 - 2:20,CSE2258,QF02
Monday,7 2:30 - 3:25,CSE2254,LFL03
Tuesday,1 8:50 - 9:45,CSE1500,QF02
Tuesday,2 9:45 - 10:40,CSE2253,QF02
Tuesday,5 12:35 - 1:25,CSE2257,QF02
Tuesday,6 1:25 - 2:20,CSE2271,QF02
Tuesday,7 2:30 - 3:25,CSE2258,QF02
Tuesday,8 3:25 - 4:15,CSE2251,QF02
Wednesday,1 8:50 - 9:45,CSE2253,QF02
Wednesday,2 9:45 - 10:40,CSE2251,QF02
Wednesday,5 12:35 - 1:25,CSE2257,QF02
Wednesday,6 1:25 - 2:20,MAT2501,QF02
Thursday,1 8:50 - 9:45,CSE2259,LSL05
Thursday,3 10:50 - 11:45,CSE2253,QF02
Thursday,5 12:35 - 1:25,CSE1500,QF02
Thursday,6 1:25 - 2:20,MAT2501,QF02
Thursday,7 2:30 - 3:25,CSE2252,DFL05
Friday,3 10:50 - 11:45,MAT2501,QF02
Friday,5 12:35 - 1:25,CSE2271,QF02
Friday,6 1:25 - 2:20,CSE2257,QF02
Friday,7 2:30 - 3:25,CSE2258,QF02
Friday,8 3:25 - 4:15,CSE2251,QF02
Monday,3 10:50 - 11:45,CSE2271,NF04
Monday,5 12:35 - 1:25,CSE2253,NF04
Monday,6 1:25 - 2:20,CSE2257,NF04
Monday,7 2:30 - 3:25,APT4002,QF02
Tuesday,1 8:50 - 9:45,MAT2501,NF04
Tuesday,2 9:45 - 10:40,CSE2258,NF04
Tuesday,3 10:50 - 11:45,CSE2257,QF02
Tuesday,5 12:35 - 1:25,CSE2253,NF04
Tuesday,7 2:30 - 3:25,CSE2252,DSL03
Wednesday,1 8:50 - 9:45,MAT2501,PF04
Wednesday,2 9:45 - 10:40,CSE2271,NF04
Wednesday,3 10:50 - 11:45,CSE2251,QF02
Thursday,1 8:50 - 9:45,CSE2271,QF02
Thursday,2 9:45 - 10:40,CSE2258,QF02
Thursday,3 10:50 - 11:45,CSE2257,NF04
Thursday,5 12:35 - 1:25,CSE2251,QF01
Thursday,6 1:25 - 2:20,CSE1500,QF01
Thursday,7 2:30 - 3:25,CSE2253,QF02
Thursday,8 3:25 - 4:15,MAT2501,QF02
Friday,1 8:50 - 9:45,CSE2258,QF02
Friday,2 9:45 - 10:40,CSE1500,QF02
Friday,5 12:35 - 1:25,CSE2254,LFL01
Friday,7 2:30 - 3:25,MAT2501,QF01
Friday,8 3:25 - 4:15,CSE2251,PF04
Monday,1 8:50 - 9:45,CCS2506,QS01
Monday,2 9:45 - 10:40,CSE2505,QS01
Monday,6 1:25 - 2:20,CSE2272,QS01
Monday,7 2:30 - 3:25,CSE2506,LSL01
Tuesday,1 8:50 - 9:45,CSE2273,LGL01
Tuesday,6 1:25 - 2:20,CCS2506,QS01
Tuesday,7 2:30 - 3:25,CSE2266,QS01
Wednesday,2 9:45 - 10:40,CCS2506,QS01
Wednesday,3 10:50 - 11:45,APT4006,QS01
Wednesday,6 1:25 - 2:20,CAI2502,QS01
Wednesday,7 2:30 - 3:25,CAI3401,QS01
Thursday,1 8:50 - 9:45,CSE2266,QS01
Thursday,2 9:45 - 10:40,CSE2272,QS01
Thursday,6 1:25 - 2:20,CAI2502,QS01
Thursday,7 2:30 - 3:25,CSE2505,QS01
Friday,1 8:50 - 9:45,CSE2266,QS01
Friday,2 9:45 - 10:40,CAI2502,QS01
Friday,6 1:25 - 2:20,CAI3401,QS01
Friday,7 2:30 - 3:25,CSE2506,LSL01
Monday,3 10:50 - 11:45,CSE2272,QS02
Monday,4 11:45 - 12:35,CAI3401,QS02
Monday,6 1:25 - 2:20,CCS2506,QS02
Tuesday,1 8:50 - 9:45,CSE2506,LSL01
Tuesday,3 10:50 - 11:45,APT4006,QS02
Tuesday,7 2:30 - 3:25,CAI2502,QS02
Tuesday,8 3:25 - 4:15,CSE2266,QS02
Wednesday,1 8:50 - 9:45,CCS2506,QS02
Wednesday,2 9:45 - 10:40,CAI2502,QS02
Wednesday,4 11:45 - 12:35,CAI3401,QS02
Wednesday,6 1:25 - 2:20,CSE2272,QS02
Wednesday,7 2:30 - 3:25,CSE2505,QS02
Thursday,3 10:50 - 11:45,CSE2266,QS02
Thursday,6 1:25 - 2:20,CCS2506,QS02
Friday,1 8:50 - 9:45,CSE2266,QS02
Friday,2 9:45 - 10:40,CSE2505,QS02
Friday,3 10:50 - 11:45,CSE2506,LSL01
Friday,6 1:25 - 2:20,CAI2502,QS02
Friday,7 2:30 - 3:25,CSE2273,LGL01
Monday,3 10:50 - 11:45,CSE2505,QS03
Monday,4 11:45 - 12:35,CSE2266,QS03
Monday,7 2:30 - 3:25,CAI3401,QS03
Monday,8 3:25 - 4:15,CCS2506,QS03
Tuesday,1 8:50 - 9:45,CSE2272,QS03
Tuesday,2 9:45 - 10:40,CSE2505,QS03
Tuesday,6 1:25 - 2:20,CAI2502,QS03
Wednesday,1 8:50 - 9:45,CSE2266,QS03
Wednesday,2 9:45 - 10:40,CAI2502,QS03
Wednesday,3 10:50 - 11:45,CSE2506,LSL03
Wednesday,6 1:25 - 2:20,CCS2506,QS03
Wednesday,7 2:30 - 3:25,CAI3401,QS03
Thursday,1 8:50 - 9:45,APT4006,QS03
Thursday,3 10:50 - 11:45,CSE2506,LSL03
Thursday,7 2:30 - 3:25,CSE2266,QS03
Thursday,8 3:25 - 4:15,CCS2506,QS03
Friday,3 10:50 - 11:45,CSE2273,LGL01
Friday,7 2:30 - 3:25,CSE2272,QS03
Friday,8 3:25 - 4:15,CAI2502,QS03
Monday,1 8:50 - 9:45,CSE2500,QS03
Monday,2 9:45 - 10:40,CBC2509,QS03
Monday,3 10:50 - 11:45,CBC2503,DFL05
Monday,7 2:30 - 3:25,CBC3406,QS02
Monday,8 3:25 - 4:15,CSE2266,QS01
Tuesday,1 8:50 - 9:45,CBC3406,QS01
Tuesday,2 9:45 - 10:40,CBC2500,QS01
Tuesday,3 10:50 - 11:45,CSE2264,QS03
Tuesday,4 11:45 - 12:35,CSE2266,QS01
Tuesday,6 1:25 - 2:20,CBC2502,QT01
Tuesday,7 2:30 - 3:25,CSE2501,DTL01
Wednesday,3 10:50 - 11:45,CBC2509,QS03
Wednesday,4 11:45 - 12:35,CBC2502,QT01
Thursday,1 8:50 - 9:45,CSE2264,QS02
Thursday,2 9:45 - 10:40,CBC2500,QS02
Thursday,3 10:50 - 11:45,CSE2266,QS01
Thursday,4 11:45 - 12:35,CSE2500,QS01
Thursday,7 2:30 - 3:25,CBC2501,DSL03
Friday,1 8:50 - 9:45,CBC2509,QS03
Friday,2 9:45 - 10:40,CSE2264,QS03
Friday,3 10:50 - 11:45,CBC3406,QS01
Friday,4 11:45 - 12:35,CBC2500,QS03
Friday,6 1:25 - 2:20,CBC2502,QT01
Friday,7 2:30 - 3:25,APT4006,QS01
Monday,1 8:50 - 9:45,CBD2508,QT01
Monday,2 9:45 - 10:40,CSE2266,QT01
Monday,3 10:50 - 11:45,CBD2505,DFL04
Monday,6 1:25 - 2:20,CBD2506,QT01
Monday,7 2:30 - 3:25,CBD3406,QT01
Monday,8 3:25 - 4:15,CBD2504,QT01
Tuesday,1 8:50 - 9:45,CSE2264,QT01
Tuesday,2 9:45 - 10:40,CBD2504,QT01
Tuesday,3 10:50 - 11:45,CBD2508,QT01
Tuesday,4 11:45 - 12:35,CBD3406,QT01
Tuesday,7 2:30 - 3:25,CBD2505,DFL04
Wednesday,1 8:50 - 9:45,CBD3406,QT01
Wednesday,2 9:45 - 10:40,CBD2506,QT01
Wednesday,6 1:25 - 2:20,CSE2266,QT01
Thursday,1 8:50 - 9:45,CBD2507,DTL01
Thursday,3 10:50 - 11:45,CBD2509,LSL04
Thursday,7 2:30 - 3:25,CSE2264,QT01
Thursday,8 3:25 - 4:15,CBD2508,QT01
Friday,1 8:50 - 9:45,CBD2504,QT01
Friday,2 9:45 - 10:40,CBD2506,QT01
Friday,3 10:50 - 11:45,APT4006,QT01
Friday,7 2:30 - 3:25,CSE2264,QT01
Friday,8 3:25 - 4:15,CSE2266,QT01
Monday,1 8:50 - 9:45,CSE2258,QT02
Monday,2 9:45 - 10:40,CCS2500,QT02
Monday,3 10:50 - 11:45,CSE2264,QT02
Monday,4 11:45 - 12:35,CSE2266,QT02
Monday,6 1:25 - 2:20,CCS2503,QT02
Monday,7 2:30 - 3:25,CCS2505,DSL01
Tuesday,1 8:50 - 9:45,CSE2259,DTL02
Tuesday,3 10:50 - 11:45,CCS2504,QT02
Tuesday,4 11:45 - 12:35,CCS2503,QT02
Tuesday,6 1:25 - 2:20,CCS3412,QT02
Tuesday,7 2:30 - 3:25,APT4006,QT02
Wednesday,1 8:50 - 9:45,CSE2258,QT02
Wednesday,2 9:45 - 10:40,CCS2500,QT02
Wednesday,3 10:50 - 11:45,CSE2266,QT02
Wednesday,4 11:45 - 12:35,CCS2504,QT02
Thursday,1 8:50 - 9:45,CCS3412,QT02
Thursday,2 9:45 - 10:40,CSE2264,QT02
Thursday,3 10:50 - 11:45,CCS2505,DSL01
Thursday,6 1:25 - 2:20,CSE2266,QT02
Friday,1 8:50 - 9:45,CSE2264,QT02
Friday,3 10:50 - 11:45,CCS3412,QT02
Friday,4 11:45 - 12:35,CSE2258,QT02
Friday,6 1:25 - 2:20,CCS2503,QT02
Friday,7 2:30 - 3:25,CCS2501,LSL04
Monday,1 8:50 - 9:45,CCS2500,QT03
Monday,2 9:45 - 10:40,CSE2266,QT03
Monday,7 2:30 - 3:25,CSE2259,LFL04
Tuesday,1 8:50 - 9:45,CCS2503,QT03
Tuesday,2 9:45 - 10:40,CCS3412,QT03
Tuesday,3 10:50 - 11:45,CSE2266,QT03
Tuesday,4 11:45 - 12:35,CSE2258,QT03
Tuesday,7 2:30 - 3:25,CCS2501,LSL04
Wednesday,1 8:50 - 9:45,CSE2264,QT03
Wednesday,2 9:45 - 10:40,CCS2504,QT03
Wednesday,3 10:50 - 11:45,CCS2500,QT03
Wednesday,4 11:45 - 12:35,CCS3412,QT03
Wednesday,6 1:25 - 2:20,CCS2503,QT03
Thursday,1 8:50 - 9:45,CCS2503,QT03
Thursday,2 9:45 - 10:40,CSE2258,QT03
Thursday,3 10:50 - 11:45,APT4006,QT03
Thursday,6 1:25 - 2:20,CSE2264,QT03
Thursday,7 2:30 - 3:25,CCS2505,DSL01
Friday,1 8:50 - 9:45,CCS2504,QT03
Friday,2 9:45 - 10:40,CSE2258,QT03
Friday,3 10:50 - 11:45,CCS2505,DSL01
Friday,6 1:25 - 2:20,CSE2266,QT03
Friday,7 2:30 - 3:25,CCS3412,QT03
Friday,8 3:25 - 4:15,CSE2264,QT03
Monday,3 10:50 - 11:45,CSE2264,QT01
Monday,4 11:45 - 12:35,CCS3412,QT01
Monday,6 1:25 - 2:20,CSE2266,QT03
Monday,7 2:30 - 3:25,CCS2501,LSL04
Tuesday,1 8:50 - 9:45,CSE2264,QT02
Tuesday,2 9:45 - 10:40,CCS2503,QT02
Tuesday,6 1:25 - 2:20,CSE2266,QT03
Tuesday,7 2:30 - 3:25,CSE2258,QT03
Tuesday,8 3:25 - 4:15,CCS3412,QT03
Wednesday,1 8:50 - 9:45,CSE2259,DTL02
Wednesday,6 1:25 - 2:20,CSE2258,QT02
Thursday,1 8:50 - 9:45,CCS2500,QT01
Thursday,2 9:45 - 10:40,CCS2503,QT01
Thursday,3 10:50 - 11:45,CCS2504,QT01
Thursday,4 11:45 - 12:35,CCS3412,QT01
Thursday,6 1:25 - 2:20,CSE2264,QT01
Thursday,7 2:30 - 3:25,APT4006,QT02
Friday,2 9:45 - 10:40,CCS2504,QT02
Friday,3 10:50 - 11:45,CCS2503,QT03
Friday,4 11:45 - 12:35,CSE2258,QT03
Friday,7 2:30 - 3:25,CCS2500,QT02
Friday,8 3:25 - 4:15,CSE2266,QT02
Monday,3 10:50 - 11:45,CDV2504,DSL02
Friday,7 2:30 - 3:25,CDV2502,DSL01
Friday,7 2:30 - 3:25,CSE2259,LGL03
Monday,1 8:50 - 9:45,CIT2502,NS07
Monday,2 9:45 - 10:40,CIT2501,NS07
Monday,3 10:50 - 11:45,CSE2259,LFL04
Monday,6 1:25 - 2:20,CIT2503,NS07
Monday,7 2:30 - 3:25,CIT2500,NS07
Monday,8 3:25 - 4:15,CSE2264,NS07
Tuesday,1 8:50 - 9:45,CIT2501,NS07
Tuesday,2 9:45 - 10:40,CSE2266,NS07
Tuesday,3 10:50 - 11:45,CIT2503,NS07
Tuesday,4 11:45 - 12:35,CIT3400,NS07
Tuesday,6 1:25 - 2:20,CIT2500,NS07
Tuesday,7 2:30 - 3:25,CIT2502,NS07
Tuesday,8 3:25 - 4:15,CSE2258,NS07
Wednesday,2 9:45 - 10:40,CSE2258,NS07
Wednesday,3 10:50 - 11:45,APT4006,NS07
Wednesday,6 1:25 - 2:20,CIT2501,NS07
Thursday,1 8:50 - 9:45,CSE2264,NS07
Thursday,2 9:45 - 10:40,CIT2503,NS07
Thursday,6 1:25 - 2:20,CIT3400,NS07
Thursday,8 3:25 - 4:15,CSE2266,NS07
Friday,2 9:45 - 10:40,CSE2266,NS07
Friday,3 10:50 - 11:45,CSE2264,NS07
Friday,4 11:45 - 12:35,CIT3400,NS07
Friday,6 1:25 - 2:20,CSE2258,NS07
Friday,7 2:30 - 3:25,CIT2500,NS07
Friday,8 3:25 - 4:15,CIT2502,NS07
Tuesday,3 10:50 - 11:45,CSE2277,DSL02
Wednesday,3 10:50 - 11:45,CSE2501,DTL03
Thursday,7 2:30 - 3:25,CSE2259,DTL03
Tuesday,7 2:30 - 3:25,CSE2501,DTL03
Thursday,3 10:50 - 11:45,CSE2277,DSL02
Friday,3 10:50 - 11:45,CSE2259,LFL04
Monday,7 2:30 - 3:25,CSE2501,DTL01
Wednesday,3 10:50 - 11:45,CSE2277,DSL02
Thursday,7 2:30 - 3:25,CSE2259,LFL04
Wednesday,3 10:50 - 11:45,CSE2259,DTL02
Thursday,7 2:30 - 3:25,CSE2501,DTL01
Friday,7 2:30 - 3:25,CSE2277,DSL02
Tuesday,3 10:50 - 11:45,CSD1713,DTL02
Thursday,7 2:30 - 3:25,CSD1713,DTL02
Monday,3 10:50 - 11:45,CSD1713,DTL02
Monday,6 1:25 - 2:20,CSE3509,DE2
Monday,7 2:30 - 3:25,CSE2506,LSL02
Tuesday,3 10:50 - 11:45,CSE2270,DFL05
Tuesday,6 1:25 - 2:20,CSE3509,DE2
Thursday,3 10:50 - 11:45,CSE2506,LSL02
Monday,1 8:50 - 9:45,CSE2506,LSL02
Monday,3 10:50 - 11:45,CSE2270,DSL04
Thursday,1 8:50 - 9:45,CSE3509,DE2
Friday,3 10:50 - 11:45,CSE2506,LSL02
Friday,8 3:25 - 4:15,CSE3509,DE2
Monday,3 10:50 - 11:45,CSE2506,LSL03
Tuesday,7 2:30 - 3:25,CSE2270,DFL05
Friday,3 10:50 - 11:45,CSE2506,LSL03
Wednesday,3 10:50 - 11:45,CSE2506,LSL01
Thursday,3 10:50 - 11:45,CSE2506,LSL01
Tuesday,1 8:50 - 9:45,CSE2270,DSL04
Tuesday,7 2:30 - 3:25,CSE2506,LSL02
Wednesday,3 10:50 - 11:45,CSE2506,LSL02
Tuesday,3 10:50 - 11:45,CSE2506,LSL02
Thursday,1 8:50 - 9:45,CSE2270,DFL04
Friday,7 2:30 - 3:25,CSE2506,LSL02
Monday,1 8:50 - 9:45,CSE3509,RF01
Monday,2 9:45 - 10:40,CSE2264,RF01
Monday,3 10:50 - 11:45,CSE2506,LSL02
Monday,6 1:25 - 2:20,CSE2266,RF01
Monday,7 2:30 - 3:25,APT4006,RF01
Tuesday,1 8:50 - 9:45,CSE2506,LSL02
Tuesday,6 1:25 - 2:20,CSE2279,RF01
Tuesday,7 2:30 - 3:25,CSE2266,RF01
Tuesday,8 3:25 - 4:15,CSE3513,RF01
Wednesday,1 8:50 - 9:45,CSE2264,RF01
Wednesday,3 10:50 - 11:45,CSE2279,RF01
Wednesday,4 11:45 - 12:35,CSE2269,RF01
Wednesday,6 1:25 - 2:20,CSE3509,RF01
Thursday,1 8:50 - 9:45,CSE2279,RF01
Thursday,2 9:45 - 10:40,CSE2269,RF01
Thursday,6 1:25 - 2:20,CSE2505,RF01
Friday,1 8:50 - 9:45,CSE2505,RF01
Friday,2 9:45 - 10:40,CSE3513,RF01
Friday,3 10:50 - 11:45,CSE2270,DFL05
Friday,6 1:25 - 2:20,CSE2266,RF01
Friday,7 2:30 - 3:25,CSE2269,RF01
Friday,8 3:25 - 4:15,CSE2264,RF01
Monday,1 8:50 - 9:45,CSE2270,DSL05
Monday,3 10:50 - 11:45,CSE3509,RF02
Monday,7 2:30 - 3:25,CSE3513,RF02
Monday,8 3:25 - 4:15,CSE2269,RF02
Tuesday,3 10:50 - 11:45,CSE2279,RF02
Tuesday,7 2:30 - 3:25,CSE2505,RF02
Tuesday,8 3:25 - 4:15,CSE2266,RF02
Wednesday,1 8:50 - 9:45,CSE2505,RF02
Wednesday,2 9:45 - 10:40,CSE2269,RF02
Wednesday,3 10:50 - 11:45,CSE2266,RF02
Wednesday,5 12:35 - 1:25,CSE3513,RF02
Wednesday,6 1:25 - 2:20,CSE2264,RF02
Wednesday,7 2:30 - 3:25,CSE2506,LSL02
Thursday,1 8:50 - 9:45,CSE2506,LSL02
Thursday,5 12:35 - 1:25,CSE2264,RF02
Thursday,7 2:30 - 3:25,CSE2279,RF02
Thursday,8 3:25 - 4:15,CSE2269,RF02
Friday,1 8:50 - 9:45,CSE3509,RF02
Friday,3 10:50 - 11:45,CSE2264,RF02
Friday,5 12:35 - 1:25,CSE2266,RF02
Friday,6 1:25 - 2:20,CSE2279,RF02
Friday,7 2:30 - 3:25,APT4006,RF02
Monday,3 10:50 - 11:45,CSE2264,RF03
Monday,5 12:35 - 1:25,CSE3509,RF03
Monday,6 1:25 - 2:20,CSE2269,RF03
Monday,7 2:30 - 3:25,CSE2279,RF03
Monday,8 3:25 - 4:15,CSE3513,RF03
Tuesday,1 8:50 - 9:45,CSE2266,RF03
Tuesday,2 9:45 - 10:40,CSE2279,RF03
Tuesday,5 12:35 - 1:25,CSE2269,RF03
Tuesday,6 1:25 - 2:20,CSE2264,RF03
Wednesday,1 8:50 - 9:45,CSE2269,RF03
Wednesday,3 10:50 - 11:45,CSE2266,RF03
Wednesday,5 12:35 - 1:25,CSE2506,LSL02
Wednesday,7 2:30 - 3:25,CSE2279,RF03
Thursday,1 8:50 - 9:45,APT4006,RF03
Thursday,3 10:50 - 11:45,CSE2505,RF03
Thursday,5 12:35 - 1:25,CSE2506,LSL02
Thursday,7 2:30 - 3:25,CSE2264,RF03
Thursday,8 3:25 - 4:15,CSE3509,RF03
Friday,1 8:50 - 9:45,CSE2270,DFL05
Friday,3 10:50 - 11:45,CSE3513,RF03
Friday,7 2:30 - 3:25,CSE2266,RF03
Friday,8 3:25 - 4:15,CSE2505,RF03
Monday,1 8:50 - 9:45,CSE2269,RF02
Monday,2 9:45 - 10:40,CSE3515,RF02
Monday,3 10:50 - 11:45,CSE2264,RF01
Monday,5 12:35 - 1:25,CSE2506,LSL02
Tuesday,1 8:50 - 9:45,CSE2279,RF01
Tuesday,2 9:45 - 10:40,CSE2269,RF01
Tuesday,3 10:50 - 11:45,CSE3515,RF01
Tuesday,5 12:35 - 1:25,CSE3513,RF01
Tuesday,6 1:25 - 2:20,CSE2505,RF02
Tuesday,7 2:30 - 3:25,APT4006,RF03
Wednesday,2 9:45 - 10:40,CSE2279,RF03
Wednesday,7 2:30 - 3:25,CSE2266,RF01
Thursday,1 8:50 - 9:45,CSE2505,RF02
Thursday,2 9:45 - 10:40,CSE2264,RF02
Thursday,3 10:50 - 11:45,CSE2266,RF02
Thursday,5 12:35 - 1:25,CSE2269,RF03
Thursday,6 1:25 - 2:20,CSE2279,RF03
Thursday,7 2:30 - 3:25,CSE2506,LSL02
Friday,1 8:50 - 9:45,CSE2264,RF03
Friday,2 9:45 - 10:40,CSE3513,RF02
Friday,3 10:50 - 11:45,CSE2266,RF01
Friday,7 2:30 - 3:25,CSE2270,DSL03
Monday,1 8:50 - 9:45,CSE2506,LSL03
Monday,3 10:50 - 11:45,CSE2266,RS03
Monday,5 12:35 - 1:25,CSE3513,RS03
Monday,6 1:25 - 2:20,CSE2269,RS03
Monday,7 2:30 - 3:25,CSE2505,RS03
Monday,8 3:25 - 4:15,CSE2264,RS03
Tuesday,1 8:50 - 9:45,CSE2264,RS03
Tuesday,2 9:45 - 10:40,CSE2266,RS03
Tuesday,5 12:35 - 1:25,CSE2279,RS03
Tuesday,6 1:25 - 2:20,CSE3515,RS03
Tuesday,7 2:30 - 3:25,CSE2269,RS03
Tuesday,8 3:25 - 4:15,CSE3513,RS03
Wednesday,1 8:50 - 9:45,CSE2270,DSL03
Wednesday,3 10:50 - 11:45,CSE2264,RS03
Wednesday,7 2:30 - 3:25,CSE3515,RS03
Thursday,3 10:50 - 11:45,CSE2279,RS03
Thursday,5 12:35 - 1:25,APT4006,RS03
Thursday,7 2:30 - 3:25,CSE2506,LSL03
Friday,1 8:50 - 9:45,CSE2279,RS03
Friday,3 10:50 - 11:45,CSE2505,RS03
Friday,5 12:35 - 1:25,CSE2269,RS03
Friday,6 1:25 - 2:20,CSE2266,RS03
Monday,1 8:50 - 9:45,CSE2269,RS04
Monday,2 9:45 - 10:40,CSE3515,RS04
Monday,3 10:50 - 11:45,CSE3513,RS04
Monday,7 2:30 - 3:25,CSE2279,RS04
Monday,8 3:25 - 4:15,CSE2266,RS04
Tuesday,1 8:50 - 9:45,CSE2506,LSL03
Tuesday,3 10:50 - 11:45,CSE3513,RS04
Tuesday,5 12:35 - 1:25,CSE2279,RS04
Tuesday,6 1:25 - 2:20,CSE2505,RS04
Tuesday,7 2:30 - 3:25,CSE2264,RS04
Tuesday,8 3:25 - 4:15,CSE2269,RS04
Wednesday,1 8:50 - 9:45,CSE2264,RS04
Wednesday,2 9:45 - 10:40,CSE2505,RS04
Wednesday,5 12:35 - 1:25,CSE2506,LSL03
Wednesday,7 2:30 - 3:25,CSE2279,RS04
Thursday,1 8:50 - 9:45,CSE2266,RS04
Thursday,2 9:45 - 10:40,CSE2269,RS04
Friday,1 8:50 - 9:45,CSE3515,RS04
Friday,2 9:45 - 10:40,CSE2264,RS04
Friday,3 10:50 - 11:45,CSE2266,RS04
Friday,7 2:30 - 3:25,APT4006,RS04
Monday,1 8:50 - 9:45,CSE2279,QS04
Monday,2 9:45 - 10:40,CSE3513,QS04
Monday,5 12:35 - 1:25,CSE2266,QS04
Monday,6 1:25 - 2:20,CSE2264,QS04
Tuesday,1 8:50 - 9:45,APT4006,QS04
Tuesday,3 10:50 - 11:45,CSE2279,QS04
Tuesday,5 12:35 - 1:25,CSE2266,QS04
Tuesday,6 1:25 - 2:20,CSE3515,QS04
Tuesday,7 2:30 - 3:25,CSE2506,LSL03
Wednesday,1 8:50 - 9:45,CSE3515,QS04
Wednesday,2 9:45 - 10:40,CSE2266,QS04
Wednesday,3 10:50 - 11:45,CSE2264,QS04
Wednesday,7 2:30 - 3:25,CSE2269,QS04
Thursday,1 8:50 - 9:45,CSE2505,QS04
Thursday,2 9:45 - 10:40,CSE3513,QS04
Thursday,3 10:50 - 11:45,CSE2269,QS04
Thursday,5 12:35 - 1:25,CSE2264,QS04
Thursday,6 1:25 - 2:20,CSE2279,QS04
Friday,1 8:50 - 9:45,CSE2505,QS04
Friday,2 9:45 - 10:40,CSE2269,QS04
Friday,5 12:35 - 1:25,CSE2270,DFL04
Friday,7 2:30 - 3:25,CSE2506,LSL03
Monday,3 10:50 - 11:45,CSE3515,QS04
Monday,5 12:35 - 1:25,CSE2506,LSL03
Monday,7 2:30 - 3:25,APT4006,QS04
Tuesday,1 8:50 - 9:45,CSE2505,RS04
Tuesday,2 9:45 - 10:40,CSE2266,RS04
Tuesday,3 10:50 - 11:45,CSE2264,RS03
Tuesday,5 12:35 - 1:25,CSE2270,DSL05
Wednesday,1 8:50 - 9:45,CSE2264,RS03
Wednesday,2 9:45 - 10:40,CSE2279,RS03
Wednesday,3 10:50 - 11:45,CSE2269,RS04
Wednesday,5 12:35 - 1:25,CSE3515,RS03
Wednesday,6 1:25 - 2:20,CSE2266,QS04
Thursday,1 8:50 - 9:45,CSE2269,RS03
Thursday,2 9:45 - 10:40,CSE2264,RS03
Thursday,3 10:50 - 11:45,CSE3513,RS04
Thursday,5 12:35 - 1:25,CSE2506,LSL03
Thursday,7 2:30 - 3:25,CSE2279,RS03
Thursday,8 3:25 - 4:15,CSE2505,RS04
Friday,2 9:45 - 10:40,CSE2279,RS03
Friday,3 10:50 - 11:45,CSE3513,QS04
Friday,7 2:30 - 3:25,CSE2266,QS04
Friday,8 3:25 - 4:15,CSE2269,RS03
Monday,1 8:50 - 9:45,CBC2000,QF03
Monday,2 9:45 - 10:40,CSD3413,QF03
Monday,3 10:50 - 11:45,CSD2002,QF03
Monday,4 11:45 - 12:35,CSD2004,QF03
Monday,6 1:25 - 2:20,CSE2260,QF03
Monday,7 2:30 - 3:25,CSD2017,QF03
Monday,8 3:25 - 4:15,CSE2258,QF03
Tuesday,1 8:50 - 9:45,CSE2260,QF03
Tuesday,2 9:45 - 10:40,CSD2002,QF03
Tuesday,3 10:50 - 11:45,CSD3424,QF03
Tuesday,4 11:45 - 12:35,CBC2000,QF03
Tuesday,6 1:25 - 2:20,CSD2017,QF03
Tuesday,7 2:30 - 3:25,CSE2261,LGL02
Wednesday,2 9:45 - 10:40,CBC2000,QF03
Wednesday,3 10:50 - 11:45,APT4006,QF03
Thursday,1 8:50 - 9:45,CSE2258,QF03
Thursday,2 9:45 - 10:40,CSD2004,QF03
Thursday,6 1:25 - 2:20,CSD2017,QF03
Thursday,7 2:30 - 3:25,CSD3424,QF03
Thursday,8 3:25 - 4:15,CSD3413,QF03
Friday,1 8:50 - 9:45,CSD2002,QF03
Friday,2 9:45 - 10:40,CSE2258,QF03
Friday,6 1:25 - 2:20,CSD3424,QF03
Friday,7 2:30 - 3:25,CSD2004,QF03
Friday,8 3:25 - 4:15,CSE2260,QF03
Monday,1 8:50 - 9:45,CSD3424,QF04
Monday,2 9:45 - 10:40,CSD2004,QF04
Monday,7 2:30 - 3:25,CSE2261,LGL03
Tuesday,1 8:50 - 9:45,CSD2017,QF04
Tuesday,2 9:45 - 10:40,CSE2260,QF04
Tuesday,3 10:50 - 11:45,CSE2258,QF04
Tuesday,4 11:45 - 12:35,CSD2004,QF04
Tuesday,7 2:30 - 3:25,CBC2000,QF04
Tuesday,8 3:25 - 4:15,CSD2002,QF04
Wednesday,1 8:50 - 9:45,CSD3413,QF04
Wednesday,2 9:45 - 10:40,CSD2002,QF04
Wednesday,3 10:50 - 11:45,CSE2259,LFL05
Wednesday,6 1:25 - 2:20,CSD2004,QF04
Thursday,1 8:50 - 9:45,CSE2260,QF04
Thursday,2 9:45 - 10:40,CSD2002,QF04
Thursday,3 10:50 - 11:45,CSD3424,QF04
Thursday,4 11:45 - 12:35,CSD2017,QF04
Thursday,6 1:25 - 2:20,CSE2258,QF04
Thursday,7 2:30 - 3:25,CBC2000,QF04
Thursday,8 3:25 - 4:15,CSD3413,QF04
Friday,1 8:50 - 9:45,CSD2017,QF04
Friday,2 9:45 - 10:40,CSE2260,QF04
Friday,3 10:50 - 11:45,APT4006,QF04
Friday,6 1:25 - 2:20,CBC2000,QF04
Friday,7 2:30 - 3:25,CSD3424,QF04
Friday,8 3:25 - 4:15,CSE2258,QF04
Monday,1 8:50 - 9:45,CSD2002,RF04
Monday,2 9:45 - 10:40,CSE2258,RF04
Monday,3 10:50 - 11:45,APT4006,RF04
Monday,6 1:25 - 2:20,CBC2000,RF04
Monday,7 2:30 - 3:25,CSD2004,RF04
Monday,8 3:25 - 4:15,CSD3424,RF04
Tuesday,1 8:50 - 9:45,CSD3424,RF04
Tuesday,2 9:45 - 10:40,CSD2002,RF04
Tuesday,6 1:25 - 2:20,CSE2260,RF04
Tuesday,7 2:30 - 3:25,CSD2004,RF04
Tuesday,8 3:25 - 4:15,CSD2017,RF04
Wednesday,1 8:50 - 9:45,CSD3413,RF04
Wednesday,3 10:50 - 11:45,CSE2260,RF04
Wednesday,4 11:45 - 12:35,CSD2017,RF04
Wednesday,6 1:25 - 2:20,CBC2000,RF04
Thursday,1 8:50 - 9:45,CSE2258,RF04
Thursday,2 9:45 - 10:40,CBC2000,RF04
Thursday,3 10:50 - 11:45,CSE2261,LGL04
Thursday,7 2:30 - 3:25,CSE2260,RF04
Thursday,8 3:25 - 4:15,CSD2017,RF04
Friday,1 8:50 - 9:45,CSE2259,LFL04
Friday,3 10:50 - 11:45,CSD3424,RF04
Friday,4 11:45 - 12:35,CSD2004,RF04
Friday,6 1:25 - 2:20,CSE2258,RF04
Friday,7 2:30 - 3:25,CSD2002,RF04
Friday,8 3:25 - 4:15,CSD3413,RF04
Monday,1 8:50 - 9:45,CSE2259,LSL05
Monday,3 10:50 - 11:45,CSD2007,QF04
Monday,5 12:35 - 1:25,CSE2266,QS02
Monday,6 1:25 - 2:20,CCS2503,QF04
Monday,7 2:30 - 3:25,CSE2506,LSL03
Tuesday,1 8:50 - 9:45,CSE2264,QS02
Tuesday,2 9:45 - 10:40,CCS2503,QS02
Tuesday,3 10:50 - 11:45,CSD2007,RF04
Tuesday,5 12:35 - 1:25,CSE2266,QS02
Tuesday,6 1:25 - 2:20,CSE2505,QF04
Tuesday,7 2:30 - 3:25,CSE2258,QF03
Wednesday,1 8:50 - 9:45,CBC2000,QF03
Wednesday,2 9:45 - 10:40,CCS2503,RF04
Wednesday,3 10:50 - 11:45,CSE2264,QF04
Wednesday,5 12:35 - 1:25,APT4006,QF03
Thursday,1 8:50 - 9:45,CSE2506,LSL03
Thursday,3 10:50 - 11:45,CSD2007,QF03
Thursday,5 12:35 - 1:25,CBC2000,QF03
Thursday,6 1:25 - 2:20,CSE2258,RF04
Thursday,7 2:30 - 3:25,CSE2266,QS02
Thursday,8 3:25 - 4:15,CSE2505,QS02
Friday,1 8:50 - 9:45,CBC2000,RF04
Friday,2 9:45 - 10:40,CSE2258,RF04
Friday,3 10:50 - 11:45,CSE2264,QF03
Monday,1 8:50 - 9:45,IST2001,QT04
Monday,2 9:45 - 10:40,CSN2503,QT04
Monday,3 10:50 - 11:45,CCS2503,QT04
Monday,5 12:35 - 1:25,CSE2259,LSL05
Monday,7 2:30 - 3:25,CSE2264,QT04
Tuesday,1 8:50 - 9:45,IST2001,QT04
Tuesday,2 9:45 - 10:40,CCS2503,QT04
Tuesday,5 12:35 - 1:25,CSE2258,QT04
Tuesday,6 1:25 - 2:20,CSN2500,QT04
Tuesday,7 2:30 - 3:25,CSE2264,QT04
Wednesday,1 8:50 - 9:45,CSE2258,QT04
Wednesday,2 9:45 - 10:40,CSN2504,QT04
Thursday,1 8:50 - 9:45,IST2001,QT04
Thursday,2 9:45 - 10:40,CSN2503,QT04
Thursday,3 10:50 - 11:45,CSN2504,QT04
Thursday,5 12:35 - 1:25,APT4006,QT04
Thursday,7 2:30 - 3:25,CSE2264,QT04
Friday,2 9:45 - 10:40,CSN2504,QT04
Friday,3 10:50 - 11:45,CSN2503,QT04
Friday,5 12:35 - 1:25,CCS2503,QT04
Friday,6 1:25 - 2:20,CSE2258,QT04
Friday,7 2:30 - 3:25,CSN2500,QT04
Monday,3 10:50 - 11:45,CCS2506,PS04
Monday,5 12:35 - 1:25,CSE2502,PS04
Tuesday,5 12:35 - 1:25,APT4006,PS04
Tuesday,7 2:30 - 3:25,CAI3400,PS04
Tuesday,8 3:25 - 4:15,CSE2272,PS04
Wednesday,2 9:45 - 10:40,CSE2272,PS04
Thursday,2 9:45 - 10:40,CSE2502,PS04
Thursday,5 12:35 - 1:25,CSE2273,LGL01
Thursday,7 2:30 - 3:25,CCS2506,PS04
Friday,2 9:45 - 10:40,CCS2506,PS04
Friday,7 2:30 - 3:25,CSE2502,PS04
Friday,8 3:25 - 4:15,CAI3400,PS04
Monday,3 10:50 - 11:45,CSE2502,NT01
Monday,8 3:25 - 4:15,CCS2506,NT01
Tuesday,3 10:50 - 11:45,CAI3400,DE1
Tuesday,5 12:35 - 1:25,CSE2273,LGL01
Wednesday,5 12:35 - 1:25,CAI3400,DE1
Wednesday,6 1:25 - 2:20,CSE2502,NT01
Thursday,1 8:50 - 9:45,APT4006,NT01
Thursday,3 10:50 - 11:45,CCS2506,NT01
Thursday,6 1:25 - 2:20,CSE2272,NT01
Friday,1 8:50 - 9:45,CSE2272,NT01
Friday,3 10:50 - 11:45,CSE2502,NT01
Friday,7 2:30 - 3:25,CCS2506,NT01
Monday,1 8:50 - 9:45,CSE2273,LGL01
Monday,6 1:25 - 2:20,CCS2506,QT04
Monday,7 2:30 - 3:25,APT4006,PS04
Tuesday,5 12:35 - 1:25,CSE2502,NT01
Tuesday,8 3:25 - 4:15,CCS2506,NT01
Wednesday,2 9:45 - 10:40,CSE2272,NT01
Thursday,3 10:50 - 11:45,CSE2272,PS04
Thursday,5 12:35 - 1:25,CSE2502,PS04
Friday,1 8:50 - 9:45,CSE2502,QT04
Friday,5 12:35 - 1:25,CCS2506,NT01
Monday,3 10:50 - 11:45,CCS2503,DE2
Tuesday,1 8:50 - 9:45,CSE2259,LGL03
Wednesday,1 8:50 - 9:45,CSE2506,LSL02
Wednesday,3 10:50 - 11:45,CCS2503,DE2
Thursday,1 8:50 - 9:45,CCS2503,DE2
Friday,1 8:50 - 9:45,CSE2506,LSL02
Tuesday,5 12:35 - 1:25,CSE2506,LSL02
Friday,5 12:35 - 1:25,CSE2506,LSL02
